{"fam49a": [119.15800048020492, 289.42169898245493], "clcn3": [173.12123029325232, 185.22961063220669], "gria3": [374.27453134326987, 327.52950713164194], "cd93": [477.1632086196193, 660.03297316098065], "tns3": [497.60820365504691, 590.68213097285968], "mafk": [262.89296760579856, 399.70658526647657], "adamts14": [877.28874388854103, 823.95743803281982], "slc25a24": [971.09065626275594, 318.45711804846638], "rhobtb1": [149.46075697419428, 381.95651353146746], "snx13": [936.98063242174953, 315.06880464549135], "fam155a": [764.17635096990909, 283.45931081356804], "plekhg1": [519.39191453605054, 563.3346082372957], "camk2d": [595.84372079722107, 784.37972092185998], "bach2": [878.14595644756855, 206.92687439795122], "slc22a15": [972.65312521633848, 365.6030033384086], "vps37c": [791.00750849852921, 675.39491245197075], "cog5": [751.9089113572079, 187.42273511225005], "arrdc4": [700.91250372226841, 827.41165146998651], "pde7b": [746.13270122331164, 594.43919394895238], "cobll1": [732.80624007791698, 933.20932898523949], "dmrt3": [117.23990795249887, 829.77747635184028], "2310007l24rik": [912.20410932500772, 273.84607357904616], "nfkbia": [843.77577545949907, 465.2973311308009], "pla1a": [119.29119603620023, 696.43092639901806], "stom": [328.33808508953535, 189.65588200485308], "cd6": [612.37722515318478, 34.575154454700169], "dtx4": [700.775166298204, 997.21816842714941], "mpzl1": [184.04667469445843, 568.69842126172102], "mdfic": [566.73270899173519, 915.23982845068485], "lysmd4": [719.12161507741439, 242.80668666064628], "ssx2ip": [254.23935531089472, 162.09417593011256], "cntn1": [678.2647895191318, 909.17366308921589], "dgkd": [813.53778720097705, 946.31712564852114], "serpinb1a": [468.52147736486222, 619.40151095929093], "abi3bp": [160.48132387000544, 845.8205203532558], "dhx37": [94.091878183066285, 243.05980577814159], "upp1": [321.8024385520261, 500.39633891974836], "rbm20": [900.35571484191951, 509.60668554296092], "dnajc6": [83.854672495003229, 747.93649854073294], "foxs1": [362.22688269210676, 755.69380716908506], "asns": [426.52552118153272, 595.25685829077702], "4930550c14rik": [867.94248840226692, 782.07949036466186], "smyd2": [197.71975605000722, 225.19728309364939], "prelid2": [805.88728633685889, 591.54643095727306], "hormad2": [713.4968734248464, 42.549023532833644], "slc15a3": [88.677748303770159, 592.39849520900066], "ptprm": [104.8114406938704, 401.59676448992002], "dlc1": [350.85560512376821, 393.12937379845266], "setd7": [27.346874783661519, 691.09953171439474], "ahcyl2": [841.71760866382192, 841.23248359003992], "lrrk2": [440.65876831063053, 683.73721789168599], "usp3": [708.01973053588313, 514.69200343286263], "neb": [697.21985055636628, 0.0], "dhrs3": [123.51217936920528, 203.04730822501631], "meis1": [625.85875813335997, 951.16802464043747], "mllt3": [866.85805987724984, 371.99104870731873], "slc23a2": [152.08052148799271, 236.93595453067633], "cx3cl1": [217.96807667612251, 797.05064580666362], "zbtb20": [645.68189364951013, 4.441222392971099], "pde5a": [766.45904091277669, 566.31538002425054], "igf1r": [44.907787450476974, 322.1357127549058], "hdac9": [540.85436344912489, 360.74328997305554], "dnajb2": [754.1078556104444, 981.71851169682304], "clnk": [615.79685456098832, 891.07404540863547], "sestd1": [551.02408268846841, 688.88936969696772], "cd244": [274.27008101820218, 815.73650624581137], "trps1": [642.33416001907858, 629.52719388323987], "batf3": [304.27224699700224, 729.8854979386274], "myof": [285.44829055740928, 610.72369288925995], "sept7": [548.55452014932621, 739.97998480692161], "plxdc2": [603.73096431801878, 688.18685643114907], "arnt2": [789.2158341429805, 836.67544595396828], "nsl1": [90.093194898208708, 443.30341382287605], "acyp2": [263.61786604225529, 260.77294862756708], "rorc": [747.22125393565614, 384.61705722062766], "kcnk1": [521.91967040974578, 931.95476300309429], "f2r": [411.38050431148031, 304.32184022327993], "klrb1f": [487.03734343281428, 850.19910144347102], "man1c1": [514.4809060853853, 830.61664336832985], "zfp92": [887.83097258828116, 333.23796601142897], "ablim3": [308.16287837996083, 252.76991734604246], "sh3pxd2b": [173.54572799980548, 275.65239161551114], "serpine2": [968.2350704499712, 413.26667840350308], "spi1": [205.76663264364936, 679.02358873149137], "mpeg1": [690.85863208624176, 946.26634975381239], "tifa": [893.9125835277182, 457.8876559143298], "zmat4": [69.820887651048224, 823.41216178025149], "abhd2": [345.056720341855, 226.93376819035836], "cwf19l2": [810.67701543509156, 896.40146403038273], "tcf7": [412.70867676361308, 439.50451778434103], "piwil4": [655.17080425933455, 514.09492170306385], "ncoa7": [47.623438451232062, 441.31440748300236], "cyp51": [826.06007351177436, 232.20202910493947], "prdm1": [658.31315017758686, 770.70190458846105], "il17re": [648.02421904709217, 278.4775744999647], "fnbp1l": [168.28527447972397, 346.15515702265992], "irf7": [678.31918175739543, 190.08631194217287], "ncald": [422.88918768150324, 529.30334861163828], "zfp1": [840.78679807935259, 743.95529004969376], "hbegf": [66.630175159574833, 289.59671002982066], "appl2": [913.17061962765922, 233.4999144632676], "pi4k2a": [246.51243797921464, 565.85257258911372], "parvb": [730.59396563380687, 680.36560427520237], "syne1": [925.65296950130551, 385.76303418587713], "flnb": [77.051780215444126, 636.64774731857369], "fam184b": [651.47161354761226, 1000.0], "gcnt4": [602.83931073663666, 994.65513242433144], "lrrc8b": [86.003043097274428, 671.11578198290579], "rbpms2": [948.76971090512416, 457.71859827142731], "ikbkb": [751.64698043887347, 21.082888939927443], "fmnl2": [226.61883830474866, 617.88606175720236], "frmd4b": [660.44272806162974, 74.918097663289132], "il23r": [168.26745400428365, 613.44946996463307], "eps8": [122.41227190700693, 538.7056713285898], "csgalnact1": [776.32235566822806, 936.31620576793739], "prickle1": [472.15988312361941, 303.87576228605019], "gcnt2": [200.42916224310761, 757.25808004793384], "sntb1": [442.26288553189158, 398.37937166262532], "xkrx": [831.95262403081711, 415.68344717004749], "stab1": [291.31419808239173, 176.41484643437389], "rnf150": [198.35951052468425, 318.56694026635591], "actn2": [269.89798007193349, 755.92984978421782], "deptor": [849.55945641696337, 898.95797367646037], "srgap1": [215.28555966460445, 174.72791191822739], "tmem194b": [803.45953767771425, 546.73534073669646], "fam46c": [708.86298301856903, 354.40346385165094], "dusp4": [164.43135179859843, 523.3426550125057], "dscaml1": [132.65600819467085, 584.65322476968947], "cadm1": [239.65697110255439, 217.6633545245287], "ctsh": [380.21261447024187, 702.92826832563912], "nck2": [749.08148278910357, 874.33417528556595], "gpr157": [101.35207111447261, 333.77318456476496], "mfsd6": [851.7226554046307, 293.97763459343724], "flrt2": [665.73602186704761, 491.19565670569904], "il22": [41.828935704172409, 400.10321170445701], "cdh2": [553.31419403551035, 814.23330076126797], "slc41a3": [35.510204336100003, 739.96917679052308], "slc6a7": [560.23075291473208, 373.27320091164677], "cep63": [831.47753476807088, 182.0573465887245], "idi2": [560.11274498055434, 973.29854230715773], "cpe": [791.87787069641684, 192.5712159632061], "med12l": [797.70170299175197, 256.98803888933412], "odc1": [776.29591763349276, 781.64183740419833], "il1r1": [40.909128354823224, 361.52311633588778]}