{"snx13": [451.28677608875228, 670.47057196602998], "s1pr3": [999.99999999999989, 476.22063188276945], "gria3": [770.85681863666855, 405.9713191621322], "st8sia4": [356.09499720428084, 265.00233040551916], "rell1": [489.87540615421426, 777.26307392602553], "agap1": [676.10992646936825, 370.46678924677053], "a630001g21rik": [625.48108652253836, 379.41233166427696], "cntn1": [695.30711703932445, 691.71538308974095], "ecm1": [761.22662308238, 763.69304195729228], "slc6a7": [834.36694264891787, 356.71635098062404], "mllt3": [642.47587600397753, 343.93799267430256], "plekhg1": [831.88785184722815, 631.09000425981276], "bach2": [718.0371438557861, 258.26493915649741], "farp1": [655.56409082664891, 801.18369933052065], "slc22a15": [486.51319153675297, 182.90226224776023], "vps37c": [596.42204349388203, 663.94310801082838], "clcn3": [770.3526190702155, 241.91451579131902], "tmem194b": [467.53696618450186, 121.63343610737553], "plb1": [601.20538137272035, 155.90694750450143], "fut8": [63.841558440297717, 418.14016161144849], "st3gal3": [484.18273721967984, 670.94528306922439], "zbed4": [567.72572087747699, 709.84729359009714], "blk": [746.7215435938125, 868.05339432227686], "etv6": [626.98232977315877, 100.43919795315952], "2310007l24rik": [578.84272635536513, 487.17904565081392], "alcam": [622.81055081565535, 916.16525817815705], "khdrbs3": [806.9086916273011, 373.90287370387517], "ostf1": [638.38675247763899, 140.4947799488142], "bcl2": [703.44161040658753, 897.51134471576313], "dtx4": [772.44268330322836, 720.10296839346552], "tgm3": [513.57771287158357, 652.66160617548803], "ppap2a": [533.34970855925508, 743.0860802702432], "mpzl1": [522.50839029416545, 898.6145547047538], "asns": [699.98437539069005, 343.34873557438868], "cdon": [733.53447540176239, 173.13979154565607], "abi3bp": [555.54440021847336, 861.54563132107978], "phlpp1": [441.39692493841795, 785.96157466202999], "ccdc88a": [773.62971307291832, 831.37729487523029], "gpnmb": [709.1412571854263, 861.25775035408356], "epb4.1l5": [660.15927697741949, 96.749762116752379], "cdyl2": [744.11678439634204, 229.40901852765953], "smyd2": [943.47543028148516, 430.45747731600227], "prelid2": [595.23993988679274, 325.07929429620219], "dsg2": [734.37250447202689, 691.34860885746525], "slc15a3": [415.50475398558132, 769.24888338445044], "ptprm": [600.31605720839707, 468.02091822067746], "dlc1": [769.62504656533361, 578.90892802896019], "meis1": [883.63255427952788, 483.81228377227444], "fam155a": [739.46582879370533, 444.51664244423813], "slc23a2": [962.53095638691514, 402.89264235234918], "ece1": [794.5674913942994, 758.787376090066], "cryba4": [763.47819825461761, 182.79251792181731], "kcnmb4": [533.04803520658947, 407.70005768510481], "gfod1": [730.86353359029499, 830.45658984561351], "hdac9": [637.51207299131272, 870.30960581121872], "sestd1": [436.96475740746644, 812.81494540981998], "inpp4b": [336.35198700316164, 308.72153063645987], "mapk10": [554.84569423283369, 900.75287907720622], "whrn": [945.35200309196603, 512.27098779496032], "adam19": [172.71277612254022, 291.20784012338106], "plxdc2": [97.454860722367812, 263.40827501998933], "nfatc1": [463.00150513663931, 859.05444886995861], "add3": [674.66062121000391, 305.43733126392613], "2010300c02rik": [567.92184841431981, 773.48288315229479], "rorc": [594.89063664610956, 273.69432980626823], "rprd1b": [527.28450572257782, 340.50936699056319], "ablim3": [586.27843546723375, 909.7616305780117], "serpine2": [531.72799369726704, 195.35783296584947], "tssk6": [554.14903339317448, 650.26075180148916], "auts2": [941.35779702423793, 574.84633537636114], "fam84b": [676.79985746568514, 763.08409883068362], "tifa": [488.16902803932578, 137.66217591930524], "rfx3": [545.0909126554418, 377.78363974506436], "abhd2": [561.12545211533745, 818.83834126747161], "ppp3ca": [0.0, 399.01991510800514], "chst1": [728.03433884160427, 735.49650592073408], "fancl": [600.83298655931378, 83.834741821843011], "rasa2": [582.52083794044654, 378.2335707675], "ly86": [590.97391491035796, 873.32790334450863], "tcf7": [859.50700405717328, 486.39027317940997], "pdgfc": [499.51163585757888, 851.32192230301166], "ncoa7": [801.68100841244222, 604.35411478797869], "cyp51": [729.96876370695099, 133.87616687261152], "ust": [466.70156678040007, 291.03520976339894], "igfbp7": [895.65321087614711, 401.67622931164527], "plxna2": [491.47684540487398, 723.76769769747989], "ttc39b": [457.57114650356266, 160.4541945728605], "flnb": [541.11642194745536, 89.706374558368111], "nkx6-2": [18.101828066899316, 439.62243857307095], "4930412o13rik": [87.164339015878454, 535.6739242180771], "ncald": [664.57914707319162, 242.3829374357606], "grb10": [739.64666723448624, 547.43606041459861], "fam3c": [719.37813634505744, 775.76527840147173], "xkrx": [830.40280325197341, 590.76922782976862], "hbegf": [672.18134276825197, 867.57341516513895], "appl2": [650.84028822851769, 474.40102011965524], "pi4k2a": [458.76486942223323, 746.71249705871764], "parvb": [904.92007090253867, 603.89985206204631], "syne1": [424.60068043869575, 187.80054498446606], "serinc2": [526.69879291172776, 257.6490356449753], "gata3": [127.84022983876628, 530.93220505322358], "ubash3b": [465.06051965270433, 221.28243135133775], "gcnt1": [496.49290997083835, 241.36963546679019], "fermt2": [692.63432316788567, 819.99203521647564], "slc7a14": [432.7326734809983, 222.61021974473638], "arhgap21": [661.31907653929443, 910.70404603323186], "frmd4b": [14.235057278013983, 492.49587185326124], "il23r": [477.41661685296754, 396.04444173541344], "klhdc9": [614.05021123845233, 841.05073999551712], "prickle1": [963.94176321171506, 554.72629201051234], "sntb1": [387.60801612818403, 287.05667359617479], "cd44": [80.532309704608451, 294.35035176357064], "pfkfb3": [471.12483633260081, 815.63638762854407], "celf2": [746.64616527357634, 318.30271521996224], "diap3": [692.07306704051427, 111.94570475088256], "plekhm3": [601.5827114102882, 216.81545223109026], "cdc45": [765.95294020142444, 794.55451551721728], "rnf150": [558.56874149091129, 477.12480532313458], "glcci1": [226.28984840748211, 270.23792376575381], "deptor": [61.757552925577897, 467.25557415669925], "stk17b": [56.309730042752449, 390.20162036049032], "srgap1": [420.9213484903517, 260.25875324081221], "mef2c": [613.73597956665014, 728.29644353718265], "fbxl13": [574.65195012238485, 100.49200114373718], "1700113h08rik": [199.46532395245907, 366.20905101918009], "pex13": [510.14771462307351, 819.58632105956212], "ctsh": [898.32000012105868, 558.23820731897956], "ccr6": [698.15528347697887, 154.72894675759659], "bard1": [706.98918321472854, 198.84447655646585], "hcn1": [479.60404125642356, 343.4063290375957], "lca5": [112.35449187544987, 562.11059270815576], "mfsd6": [611.52077079928699, 485.37489523609054], "flrt2": [539.50856633992009, 121.12800462157708], "il22": [923.49981561641573, 373.9873793952932], "slc41a3": [419.93837982231452, 730.65576203487285], "fmnl2": [532.71914069600825, 160.84690592274131], "ndst1": [490.84646857417215, 884.77610622200996], "wdr37": [502.20797526751267, 372.22003156350286], "hoxa6": [146.92106946679223, 443.2226336541047], "hoxa5": [235.35561200542253, 335.33444622435104], "hoxa3": [160.59924828086162, 340.35281920010721], "smad1": [436.34497669015536, 700.55840765215726], "odc1": [657.5287404052342, 178.1029719110399], "il1r1": [529.2327962578064, 482.10292692342784]}