{"gm4759": [681.27597673907508, 242.43764626475311], "cntn1": [649.39770732319869, 690.64663792401427], "vps54": [793.10756058363017, 831.67993810400185], "acer2": [889.2694205253149, 116.97541927706226], "tnfaip8": [832.94349407780976, 849.46932257425328], "fbxo21": [162.56775829150558, 264.02424107692462], "vegfa": [71.429402566204317, 572.37811014663077], "dscam": [173.65976948893649, 293.02447928087514], "bcl2l1": [810.17699847305221, 417.82644057611139], "polg2": [530.41984402470018, 607.71074327288841], "pcdhgc3": [128.02829711119819, 353.3724550223335], "rad50": [856.04991505676242, 668.95869809781777], "ms4a4c": [632.02040140462907, 620.30975026963904], "ms4a4b": [614.54966230853552, 666.97972857665059], "kcna4": [686.23075668203296, 811.93241728310136], "cysltr1": [883.90552125135105, 452.77291109792145], "loxl3": [203.74490158138053, 410.66072236979124], "rell1": [892.88806917277464, 730.23846745306491], "fam117a": [840.22151185614644, 280.13595029807885], "ccdc88a": [929.87415552929178, 651.66740377424117], "fkbp5": [829.06078544653337, 100.20978665891801], "cdyl2": [202.67827770477368, 297.46987829214044], "cln8": [180.33677117973332, 319.97439951236288], "dgat1": [498.47999218286043, 660.29548248771368], "h2-dma": [19.972318277449403, 423.11915783686754], "ccl17": [916.39212343015095, 671.78759587846434], "cd93": [813.37060402152554, 602.78038879958058], "stk4": [729.75607387899788, 425.10913254751989], "tasp1": [941.38627591549005, 722.72730540632483], "gfod1": [69.372269062595251, 296.46140470502303], "cnn2": [921.15386201615104, 344.00687493275342], "stxbp6": [804.94499420360125, 707.37125735770132], "gtf2ird1": [30.164964527772668, 349.91766481387901], "zfhx3": [122.1565533327373, 569.77590413213113], "sec24d": [684.58152110976948, 923.62353863635701], "trps1": [779.03841597879841, 765.64828245543526], "mapk10": [507.22365723742496, 763.93359415225927], "mapk11": [514.6203621888385, 791.08365431375842], "mapk12": [876.17343609148611, 82.335713404530736], "lmnb1": [544.72752966312896, 833.58463133421128], "immp2l": [21.385431553022613, 518.0242935211146], "gmppa": [58.090257530184431, 316.00391105226237], "ppm1j": [953.66878828495555, 321.11137388290734], "chn2": [675.27214330752975, 664.19390523870607], "zdhhc21": [825.08822206962702, 733.49649845801127], "decr1": [998.1823381889003, 290.64468339378584], "serpine2": [37.555972293004061, 473.59435231310493], "pdgfrb": [83.283982911631028, 349.11536089050583], "txk": [116.09490535335806, 531.44277379297182], "rab4a": [793.59692507071827, 642.65240448088457], "gadd45b": [731.43092357725311, 137.00416160809991], "nt5e": [979.98643553732245, 182.91635103156506], "cxcl3": [621.42239847854705, 790.35272828103894], "smpdl3a": [710.83766148863288, 735.52952835697033], "cxcl9": [622.57331706466709, 760.63603922697416], "cd160": [898.28199477228281, 652.12880491676867], "ahcyl2": [815.04078266674401, 567.84732842225549], "chm": [706.73569064936078, 635.67803072747415], "fbrsl1": [144.31408014497879, 284.84116550934357], "gm1966": [730.35823083479795, 850.06859387560144], "msn": [661.74480602974472, 591.48080197204831], "ust": [793.52916904103881, 879.80548033771993], "dtnbp1": [532.0443948328965, 710.4367379777625], "lgals1": [831.48857315064254, 75.860034768755668], "il17rb": [742.76192423353405, 429.87004046592926], "rxrg": [895.50927907321898, 309.56735315746977], "fam124b": [581.60809274859412, 790.20159484646342], "nfatc1": [165.84581528851493, 362.57493953908272], "zfp1": [824.48060094587163, 678.69979076922527], "gm5127": [753.55004444356155, 866.5683111702557], "cd226": [869.43144130129622, 629.02691205850886], "vamp2": [88.389885775472294, 547.23631514099043], "lrrn2": [854.41375904885979, 78.888392672511202], "cdc14a": [772.89741011380283, 592.22903592751913], "ttyh1": [691.39983321097668, 838.63072317389265], "rpl7": [928.9415762068312, 219.35817371874631], "epb4.1l4a": [802.55804931764499, 432.72419085278], "sntb1": [749.97879164961103, 338.54710042636987], "zfp277": [838.56249385310866, 630.35011555087362], "rapgef2": [854.77472453822395, 711.63952835515761], "nucb2": [966.46942372975991, 208.19952382811414], "pard3": [602.22399181281583, 601.27261088238743], "purg": [874.68234231668782, 269.74202217989682], "tmprss6": [116.49320239102587, 494.08818513512591], "klrg1": [558.26205793106158, 852.02872008839358], "nr4a1": [924.04279276324235, 303.78909969159645], "il18r1": [11.33319012944105, 494.50675407911802], "ap1s3": [781.92682055733599, 567.07100154702755], "snx14": [0.0, 433.5341752866251], "rabgef1": [828.39168869585274, 650.49299223771845], "slc24a3": [50.490551993908753, 366.22619290891629], "snx18": [26.670676885793796, 450.68532838457202], "kcnd2": [660.68612987026586, 830.27814527646262], "apol7e": [783.27490222810025, 619.85013796525595], "pard3b": [576.42664814618206, 607.71725428230479], "tmem104": [883.85609582896086, 835.87794305881812], "camk2d": [889.81151820129082, 632.95610377237199], "bach2": [894.09148626936326, 790.29576137601521], "nrip1": [963.06972933449765, 230.20167655187262], "rock2": [937.51948307997122, 163.8232528251861], "slc39a7": [15.961543082610092, 370.30939803951736], "sdf4": [731.93664762486503, 924.74223849366308], "fam19a3": [849.4721488874286, 179.58255988622844], "khdrbs3": [143.97334442243152, 506.61222013919814], "ostf1": [626.53887220000524, 550.16379645029906], "creb3l1": [595.13327649427197, 823.13365673789235], "rgs2": [895.01655127529455, 763.5171725943942], "bzw2": [917.72300757643279, 719.7782365675323], "pla2g16": [515.02783645824013, 620.45543371157237], "ccl1": [938.44935096788129, 678.01409285447426], "ndufb9": [778.77572992416071, 240.58933611415961], "azin1": [256.61662230023035, 511.00672415967125], "utp14b": [694.97038043859573, 259.63220077676618], "wdfy3": [95.188059579230412, 571.47744122777988], "nckap5": [648.57277763888351, 541.71155843294355], "phlpp1": [534.0774165202497, 678.75235765347634], "upp1": [723.32200118356741, 911.6163518935291], "dnajc6": [139.97108893920506, 307.54001435288239], "ptprc": [705.62285132995112, 605.77370828943072], "slc2a1": [750.83293573398953, 454.50833615884756], "ptprm": [119.0668100714928, 389.354053750915], "lrrc66": [523.86421027089727, 750.35427748623442], "setd7": [48.58671205990629, 428.56694106315399], "nck2": [776.08629973934239, 386.90574269967311], "rnf43": [72.696176725442456, 484.93750348281901], "dhrs3": [114.2482174827436, 316.30959030061916], "pik3c2a": [553.23492945282044, 678.78759438420286], "prf1": [641.41689630148119, 643.15463311286328], "ece1": [143.69552437572202, 262.97032390192754], "bend4": [234.10436260325116, 426.83588857423518], "nav2": [800.4922268468622, 233.95260026628367], "plec": [1000.0, 202.00398680978049], "itpr2": [713.36836601607308, 122.04748548844191], "midn": [197.91702167026779, 348.24695387712183], "smap1": [679.14638048568293, 754.46086628539001], "nfatc2": [439.1062362399008, 550.28922946311673], "lrig1": [539.823204144123, 801.37975944232619], "kcnk5": [634.58005745188757, 849.55008153747724], "adap1": [170.1294746873233, 553.08928523464397], "zfp92": [803.59880344600447, 133.36748155620961], "susd1": [844.12835033381225, 695.03122220389082], "pou2f2": [828.2564675418372, 265.86509037920644], "cd69": [856.42587686748925, 599.18518610900583], "cd68": [224.61532522463824, 295.5748139793626], "ets2": [546.80660307585197, 756.82526684186723], "ppp3ca": [866.23078251405923, 449.65885691993134], "sbno2": [47.191070406631979, 500.83123821743857], "ttc3": [734.4486766996647, 755.14103964219476], "il13": [711.20854860572183, 329.23860778391554], "slain1": [804.973998412372, 466.37923839884701], "scel": [776.76758179733952, 859.15106437579198], "4930412o13rik": [836.17762787860511, 595.11124905912095], "cd28": [879.68039308685331, 601.72812496988593], "rps6ka1": [844.06578666565633, 810.57606122358493], "rps6ka5": [814.44858090560456, 841.79617360773682], "nipa1": [878.17226977022392, 289.30210705679514],