{"ptgs2": [345.69139908127187, 829.10722176194531], "pcyt1b": [750.89721227438531, 152.51028354097303], "itk": [249.71027256753294, 640.25693068621547], "egr2": [283.55289575287281, 602.1402245690557], "egr1": [614.26755453935516, 844.03886941651444], "vcan": [121.31150905458765, 493.72578948764465], "rest": [69.594791799798713, 233.40145278739453], "mx1": [538.28790504680728, 918.74482323393397], "mgat1": [291.14020688519872, 774.95576945188736], "ccdc66": [183.19084111835764, 851.30932993239821], "osm": [308.11103709841336, 729.51681794423428], "cd209a": [183.47055697281579, 368.6277404264365], "mndal": [296.4965431700445, 849.37556512054925], "htra3": [758.58138807360342, 624.07835285774092], "hsf1": [380.14653204688767, 344.66052986264401], "kcnh4": [715.6129237990267, 121.43832228398162], "hsf2": [565.62820893192293, 354.76926770275747], "chordc1": [217.0729518908507, 378.68796634070702], "itsn1": [485.90598040105453, 589.10131227998124], "zfp719": [487.41530355988721, 999.99999999999989], "pkib": [575.88361952021683, 82.807281015365675], "apobec1": [343.96078151850463, 750.69447864933716], "pltp": [536.61243688548836, 633.97515988534406], "athl1": [524.2109090310696, 611.69949106330887], "nfkb1": [417.16570017778969, 715.28440373582782], "ai467606": [247.76354387242125, 685.48848425723543], "nrp2": [133.25770699818145, 618.33870915273837], "etv1": [732.76430543684342, 70.434348987034241], "pecam1": [335.83407368391761, 707.03578136090243], "flt3l": [453.6218356969224, 304.79537526169486], "trim14": [396.39038967448113, 627.32606576491639], "mx2": [264.69087817378335, 709.92372889912576], "nfkbid": [551.25557218982829, 585.75962389393499], "agpat4": [644.54975684814303, 44.244096039308829], "klf2": [571.82259867480491, 634.17039106226719], "cd2": [547.32549861035739, 795.92463878574858], "bcl6": [351.52710122298788, 537.24950040049043], "ccl2": [438.57564197783068, 681.55554604183817], "ccl3": [146.28859623749042, 454.35685212555677], "dpt": [391.93972888471933, 676.38101278751731], "neat1": [62.908580230182849, 190.6777447120362], "ccl4": [605.23246944330731, 682.06677505950472], "mmp12": [281.92056404693335, 635.52182014898131], "slc28a2": [499.50121087938862, 915.33065105441551], "nccrp1": [482.8972896813471, 872.76181622508932], "hspa1b": [297.93511916278601, 227.82922373536701], "hspa1a": [31.897708710759957, 218.3060961276301], "s100a4": [206.72064599311798, 412.24794745904569], "phlpp1": [757.16890662171511, 417.08059614965623], "rcc1": [641.5129510638734, 721.8619800808367], "ddx58": [224.9144581397166, 491.38228547790163], "hlx": [553.17752296711865, 0.0], "zhx2": [574.78423974093596, 583.64161071617877], "stag3": [273.7714899827194, 810.44467234500905], "oas1a": [175.57821664118205, 425.7048749855785], "nid1": [474.41714187464186, 694.49332167463388], "frmd8": [139.70595053411017, 308.58709780632461], "ptpro": [520.59485152358775, 480.58621221516967], "sh2d1b1": [289.30361792287323, 403.99466808329078], "rsad2": [576.85805040169316, 562.59123934093145], "aig1": [846.56159612437818, 164.22002337853047], "gbp9": [553.07458828760286, 535.62114818664531], "tagap": [331.64498634836355, 214.4406009774969], "entpd1": [610.76028336477168, 51.982148429423773], "fos": [697.16307397287608, 176.20586670992896], "tppp": [617.93643885096083, 578.21030980374712], "siglece": [439.39775440438632, 419.45092632829738], "il12rb2": [432.81607352079095, 902.13721081374092], "hspa4l": [526.04159022796603, 832.16099008904371], "id3": [576.49323775784899, 887.12907696411207], "gbp5": [228.23516020859341, 641.60766882919438], "gbp4": [456.13891548825848, 556.797627239848], "ston2": [674.64061656200465, 53.179327016023876], "gpc6": [262.30459715597959, 536.82837276318537], "nde1": [407.89654419931736, 757.62654514204337], "serpinb2": [172.48024593955819, 500.84638416427072], "gpr68": [492.70529761419192, 691.71440132561418], "gfod1": [578.54013612539075, 437.52174837456141], "ltbp1": [168.78587206732556, 653.0322250814869], "hspa8": [313.58480354574789, 308.99419554944319], "cdt1": [207.46579676172937, 345.2133090376721], "sparc": [383.66768621732206, 712.6944343237484], "oas2": [418.29594879128553, 829.2921968796262], "itgam": [209.58489712091298, 569.73641083495158], "thy1": [35.374116835044561, 510.43098431198746], "hivep2": [675.62790309187517, 317.89491470558175], "syn1": [670.98746859751066, 21.763653092661912], "col15a1": [407.46596986040601, 411.49499769741124], "cnnm2": [786.59153550678116, 77.444391554301774], "stat3": [771.89324063489653, 471.26563447537018], "stat2": [549.52176313296661, 847.77975789993911], "stat1": [656.0444048046229, 502.76620741231704], "camk1": [815.40195438982596, 95.554430177812037], "csf1r": [352.05601254531132, 313.34639872391165], "fbn1": [228.28135616830616, 443.69544405633701], "zfp961": [632.70660872701478, 612.60140052962026], "abca9": [345.1683977638703, 868.36407950279545], "pdgfrb": [323.56516888502676, 668.06813753231359], "fcer1g": [407.91843454511212, 376.39306301605831], "gpr141": [327.19932903962763, 327.79738466730595], "ifi204": [530.64904069111833, 508.72784942064061], "b430306n03rik": [46.105700886118996, 461.19010887123613], "ifi203": [598.25492687055646, 605.26045656748556], "tlr2": [433.11026500469012, 583.45530606968327], "tlr1": [310.67648667017681, 487.80463068374917], "dbf4": [358.23842493224328, 243.12897199360833], "tlr5": [579.641905167049, 50.804262244756274], "lilra6": [97.189249190884482, 710.12899460366134], "hsp90aa1": [349.69933205658197, 429.79468628801703], "itih5": [216.97271960299253, 672.06158793628435], "suv420h2": [415.14246197823007, 645.84905258899732], "sorl1": [131.64951158928181, 523.35727344772056], "adamts2": [561.04485732488456, 660.26025659746085], "mefv": [437.70092195707792, 559.80946797951515], "il16": [212.84899989563806, 606.14040141990199], "lgals9": [252.02933992193533, 760.99134524637464], "rnf144b": [212.60042519031262, 540.83285506157563], "rnf144a": [757.44003737413709, 196.31682435478632], "rela": [322.64920434194624, 462.69387280097061], "myo7a": [69.938820799703933, 726.8794157252579], "tgif1": [968.10229128923993, 259.75409277173486], "irf3": [230.57326508029712, 719.41152660104274], "irf2": [224.25859416080655, 842.81667561759991], "irf1": [460.67010369267564, 747.60386613856861], "smarcc1": [607.41188398903182, 7.8414562983546148], "irf4": [638.33132112194028, 658.39049805082971], "hr": [763.17603803603242, 51.621152981901673], "irf9": [487.30586380832881, 432.36754916958716], "irf8": [153.11828493051729, 669.07061556513258], "jun": [523.08925984645464, 732.71499788991218], "zfp263": [172.94069628380481, 533.4533022883146], "specc1l": [824.53128118229051, 278.23052145557415], "mtus1": [205.30672624815222, 754.47468322257259], "stat4": [650.02286586443529, 82.189060420531064], "aebp1": [346.45714366581387, 638.43668371125182], "lifr": [575.51166215053092, 919.12058696009035], "gnat1": [586.47635691526352, 806.24573896955292], "srf": [463.09915472616399, 850.91690236754243], "zc3h12d": [719.17843387784319, 590.42382140482709], "dusp10": [476.66262120586828, 912.6220292674052], "atf3": [458.1434876240487, 385.01499985495047], "ddx60": [624.51779708895776, 635.72636332899299], "hsph1": [485.91405085842416, 249.3908597584815], "lama2": [536.55727941464272, 688.16787808264735], "hspd1": [433.08417325389092, 373.98850537297301], "c3": [275.21867704784165, 456.22933382866665], "slc36a4": [831.27786969752447, 249.37073853413722], "arhgap22": [369.34425715680527, 592.93601411676309], "tnf": [247.37813760039751, 408.15419501006306], "asap2": [836.22840542142603, 121.85600940244944], "tnc": [737.44139334302474, 674.02532192429862], "il18rap": [190.18911306036853, 454.6277263789068], "acsf2": [829.49133796725368, 192.94742822779244], "spns3": [483.46878334163921, 941.26521798147382], "hs3st3b1": [754.62965889518159, 101.19499647689611], "sh2d3c": [541.40360928808229, 468.60259773635892], "socs3": [370.60720994758412, 901.99747109682858],