{"egr2": [274.13971477477253, 945.13959273714693], "egr1": [583.61521523117813, 108.49009570307837], "mx1": [479.96168591941114, 155.37349138444509], "dok2": [7.1285078966644164, 734.11570260722965], "gda": [377.97409981692482, 511.47321746564552], "pstpip1": [154.34124488310175, 761.5471555797194], "hsf1": [975.11850415100912, 439.66898002564074], "trps1": [622.76438299568451, 768.23770304750155], "chordc1": [47.078797933165561, 779.96097925988556], "atp13a2": [232.65546150644155, 923.11802926028724], "pkib": [615.59208687261821, 822.05479085342415], "foxa1": [598.93444912907034, 485.34852783067322], "crem": [984.01598746713148, 741.33084228776897], "mzt1": [459.74928346130275, 751.84566132697034], "polg2": [620.09753786067142, 192.12155984607247], "banp": [71.565927553206564, 839.91480421579377], "zcchc11": [686.08298394928556, 698.25674727858609], "nfkbid": [535.20899840792549, 150.2027009185131], "gabpa": [543.01049036437587, 794.239416480724], "bcl6": [248.12119494034226, 94.929445154050484], "ccl2": [215.73698919431274, 125.7186206745414], "ccl3": [600.81142520632363, 19.992484559662387], "abtb2": [579.88213553017204, 643.93799494646555], "vdr": [675.55093697073869, 792.04293619265036], "neat1": [109.80010113281685, 264.77631881028776], "ccl4": [955.08867157826762, 809.70287135459864], "exoc5": [561.87171986655255, 845.93243672885581], "hspa1b": [1000.0, 409.26507285389215], "hspa1a": [970.78541936728311, 363.98659710220494], "phlpp1": [711.78844940105876, 679.0741397184313], "p2ry6": [568.49576076220819, 190.2085205112343], "cebpa": [556.83897012572947, 25.983718559623185], "myo1e": [390.38190533692534, 755.00181807728461], "fkbp4": [240.80326172147721, 980.00751544033767], "6330416g13rik": [643.02509875562555, 37.116080325283491], "lphn2": [672.92550063453837, 834.38723946582979], "fn1": [12.577395145002583, 780.16358800322814], "hspa4l": [952.75590009992698, 769.23794552012077], "cd14": [489.46606712852844, 448.86684470662647], "zfp143": [100.82194192043806, 782.5450517342274], "ubxn7": [488.66863851060714, 592.34439471792871], "ocrl": [417.46152192010015, 681.09557097917013], "bend3": [511.76472382821618, 530.51706531748118], "taf1": [462.81910232763568, 643.85767620940601], "dnajb1": [471.52299632344864, 96.179800141350398], "hspa8": [73.462107856423131, 664.09226861032107], "lats2": [738.48368280262832, 614.12851985254088], "hsf2": [303.96574140325214, 124.85934436292018], "col4a2": [481.49889923212658, 53.562589796926602], "chmp7": [5.6843418860808015e-14, 362.50132123575463], "tmed5": [415.08541813314821, 608.46083935208628], "cnnm2": [468.1551081656624, 523.77255958049057], "plod1": [54.092712135561555, 253.96285577713934], "ica1l": [455.79591490966709, 571.7226680304417], "serpine1": [669.400651041125, 191.40875781749426], "timp1": [340.42470186623325, 594.4901473902695], "clec7a": [819.83486769086744, 573.03545454833977], "slc16a7": [694.96901704353945, 427.22616602267988], "pde3b": [630.3772583249264, 858.43892998343949], "ifit2": [121.30444350405884, 698.05457623246502], "rasa2": [509.60055367170168, 825.56170820861394], "slc16a3": [387.95043000893872, 649.14472798517215], "spred1": [735.53428408081527, 735.4095980295856], "il16": [941.00083231689882, 398.48700314761237], "relt": [246.71967799500601, 158.12232505785187], "st7": [661.95614216687954, 530.36612748711264], "prdm1": [508.52229008901617, 685.79753707838381], "kbtbd11": [93.075993894147985, 374.5557654599146], "smarcc2": [178.912230109267, 883.70346305561225], "yy1": [425.04006259362831, 555.35911065541609], "foxo1": [527.96133068976894, 856.49335104115607], "stat4": [822.78004271232089, 711.50389978736553], "lifr": [129.82037853975606, 321.3469774965593], "atf3": [63.752960468589379, 327.78511735421625], "lrrc8d": [433.66393809312098, 641.95341022368575], "hsph1": [425.21504591384763, 122.88514023352911], "e2f1": [574.06407541548617, 687.84290987487293], "slc36a1": [8.481727800645956, 298.42521287300269], "ahsa1": [134.96116886472265, 830.74360104371181], "stk3": [745.95997614891451, 701.52332952434062], "cish": [628.95369977786299, 514.48636937344008], "ciita": [513.79255775060187, 24.782233697404536], "gpr126": [441.0878509767187, 471.91978021549767], "sh2d3c": [677.37953332082816, 149.29865342073722], "nrg1": [650.35346354910894, 405.1264954757587], "h2-k2": [194.58651665501395, 963.26071260919991], "gab1": [39.674209301040264, 403.12414664225065], "slfn8": [707.17501066738441, 94.129485272351815], "marcks": [472.50732481913701, 714.37281696324385], "hip1": [46.898614263917807, 709.67145489967106], "slfn5": [718.29853033067275, 138.09483839261802], "sp4": [739.9257162133656, 646.44246064288279], "smad3": [567.8343562109402, 602.72335653130881], "zswim6": [692.26851068144856, 618.57601718361752], "capg": [742.28248670806113, 535.2106195232077], "antxr2": [550.5344094381237, 640.54454477486729], "slc7a11": [541.49611634271218, 565.31674098425549], "tifab": [674.13438459786266, 67.193298711012602]}