{"foxj3": [869.69827572059228, 722.14458666122141], "f5": [81.052947384406963, 785.44989835698459], "slc7a8": [952.92532002456858, 606.46881419790918], "egr2": [336.27951638388328, 171.64677046744976], "egr1": [445.90689399465589, 195.15211696536295], "vcan": [469.89749630996823, 431.31392043939542], "fkbp4": [437.8371054950079, 370.82936205521082], "kcnn4": [206.73841013171355, 763.36205806486055], "hspa8": [362.97809845986211, 273.73113339767275], "stip1": [224.09521355877249, 115.70105795252709], "sipa1l2": [384.6741955528932, 863.49057510056218], "rnf157": [971.51245310159641, 677.02154438565026], "map4k4": [938.46517717312304, 753.77696342420882], "hsf1": [177.11312065783744, 421.00259254510945], "basp1": [155.12861256831567, 915.47441783009049], "hsf2": [516.39933688329143, 126.00512032007236], "chordc1": [366.27388759303409, 468.47408185937587], "fos": [513.23884727149766, 328.13260096067694], "spred1": [350.37967888575002, 958.83531989600499], "pkib": [340.61206323853844, 816.77561400198476], "rsad2": [120.61137781681668, 116.2047210770275], "slfn8": [511.94597842354614, 5.5673310428893501], "fam129b": [139.04650781515835, 763.0172793936365], "hip1": [582.07838070697017, 315.1754524899635], "igj": [817.84523919841888, 845.39425666762691], "asb2": [28.487546898403593, 341.98989363730851], "lrp8": [279.42226872503846, 780.44193688500479], "irf1": [262.92929893035983, 168.89458877253782], "alpk2": [174.56099273377669, 982.47545101220066], "trim14": [381.3711096972857, 11.629214620470634], "abcg1": [304.16120511486838, 225.44054069350716], "xcr1": [817.00590237768051, 649.56021489599073], "dnajb1": [246.92577078216681, 349.13167128896578], "sp3": [213.34728676550773, 182.3393385950211], "atp10d": [574.95491217208041, 210.17112773331121], "met": [595.31399547530623, 371.20082550608504], "oas3": [653.40028892666464, 475.96256415323433], "stat4": [884.47972925277975, 598.81940542215796], "klf2": [195.15264498445805, 295.99862355030081], "cyth1": [762.82410035439398, 803.82240326364695], "srf": [133.41349270558018, 358.96033667455197], "tns1": [445.62308041278089, 0.0], "bcl6": [33.01128714564797, 431.94615403645059], "zc3h12d": [354.2277068748524, 81.77199387396837], "atf3": [597.18892968749537, 129.8707121187764], "rreb1": [228.64186765237801, 878.39230805311433], "spata13": [397.93835089784648, 924.17026066623271], "ccl3": [653.81343376066047, 231.65764633291815], "abtb2": [242.83551992041643, 999.58093940760079], "vdr": [308.30918152194789, 1000.0], "stat3": [521.16970076702535, 415.97245773167185], "hsph1": [653.17127156606728, 94.442970604832851], "lats2": [889.08201701475832, 822.9055027881634], "cd81": [87.975567791221494, 904.19989879497007], "amica1": [458.66247251362586, 155.51323373283674], "cpm": [109.64186582249874, 434.81077723866628], "sparc": [575.7509948411091, 526.13849657138678], "ahsa1": [240.36585523319121, 240.12286810526138], "hspa1a": [675.49900004184542, 170.99758865022613], "p4ha1": [569.16948823842415, 82.848501220577134], "cish": [768.61270955563077, 727.39226600682707], "dos": [65.919199721948047, 844.76572519588387], "btg2": [289.25328848122803, 119.12755070776416], "lifr": [587.95132346564458, 26.98692727069249]}