{"irf3": [683.53417091532538, 439.83576887472509], "ccl3": [449.60702370828938, 437.8431695820384], "irf7": [748.11269678909275, 962.22340256832229], "irf6": [0.0, 790.66421804912807], "ccl5": [527.13179524872658, 856.59252013224727], "tlr8": [999.99999999999989, 652.06058607438422], "apobec1": [440.11284743924955, 37.776597431677715], "cbx5": [151.65671597976984, 330.19798463898928], "hpgd": [977.81497524458689, 907.08980299299242]}