{"itga9": [498.28673661615932, 440.46837849160124], "timp2": [267.6076790297509, 99.567832069356626], "serpina3n": [400.70599933219876, 983.32979756488021], "fxyd1": [665.10543023596915, 960.81478329547622], "egr1": [766.52043972455931, 280.95737211924688], "bcar1": [478.87542070768734, 0.0], "st18": [206.25151850146483, 197.57049820283018], "ctla2b": [518.58433295334487, 564.33135159692858], "eln": [653.0406841718509, 346.02537508319773], "fn1": [763.58496188896413, 877.55932082737309], "ecm1": [691.20812203968762, 667.6662361667577], "nr1d1": [334.45113826475148, 366.97734657192302], "etv1": [793.74848149853528, 757.84284097123134], "ddr2": [770.58589111815093, 166.14146419257904], "smad3": [526.02347320062404, 780.70116054944901], "col4a1": [349.27408901290988, 685.16720431253054], "srf": [490.34817729381359, 233.98663732177653], "klf9": [535.69640710156409, 999.99999999999989], "col15a1": [258.43923396358184, 797.44754196409656], "cyr61": [699.67850230072247, 75.017435584783811], "rab11fip5": [217.78041314595168, 312.0372087035683], "ccdc80": [597.91171009646564, 16.491256559648832], "col14a1": [366.71720483668111, 866.87997892485316], "aurkb": [362.18110604573786, 29.600762556167069]}