{"rgs16": [854.00745954576337, 298.95980923984973], "rab37": [470.23112495791167, 31.491129740564588], "pdgfra": [553.957987938511, 932.88068623158074], "foxj3": [754.2949591505228, 371.13540061487191], "rab4b": [879.37171949611752, 423.32164407249149], "satb1": [854.7361999875186, 476.40805761542742], "nudt1": [910.05327211974395, 803.68851244089831], "dcakd": [842.01149901940721, 720.54036659281758], "etv3": [217.73291639112051, 740.75961586951439], "tmem9": [595.14758074402437, 649.14930527769889], "nid1": [135.32107084686095, 387.63499826630988], "zfp940": [101.8830571599014, 595.09981232793018], "slc29a2": [409.54682611096712, 415.40459923391609], "nudt14": [396.66016628378304, 339.62099109487269], "ptpn3": [801.18849422821017, 304.49814886456056], "etv5": [109.02872915059817, 805.78340915527519], "hpgd": [72.610155281539505, 386.24738273384753], "elk3": [231.64472020387325, 179.29292398395776], "hinfp": [919.29863778071751, 725.99222942554036], "adamts2": [385.29552069765452, 979.54194045544887], "plac8": [720.08580506163912, 253.50355943453548], "loc100038947": [765.81163677400741, 142.27332567301076], "apom": [824.45754361869126, 853.70005077307326], "galns": [525.88155869959189, -5.6843418860808015e-14], "olfml3": [557.63746497482452, 613.64985492334961], "bc039771": [646.71828566978922, 386.96552936317033], "3110082i17rik": [43.675151648908752, 568.88932707126196], "mef2a": [507.77855460578041, 367.26591172752575], "rnf144b": [452.62318012660063, 1000.0], "trip6": [196.46003354035707, 505.46192526000436], "r3hcc1": [894.66638973627573, 275.2288663291252], "dgka": [145.13469526974626, 848.19317064968948], "gm12216": [806.83273234416765, 221.78926019471689], "ttll4": [149.24723270527772, 551.05873038675372], "icos": [513.1566899494278, 60.889458463593485], "ctnnal1": [772.664460526472, 763.56050420493068], "mat2b": [809.94914429851588, 428.87531719253974], "c1qtnf3": [355.73900029739423, 865.03022660567228], "kif3c": [591.20741280182642, 307.27610298934223], "bbs5": [870.50598180278052, 205.14120246141016], "prmt7": [518.53019743633683, 984.73034460849544], "bivm": [344.02031770262533, 928.23020524555545], "foxo1": [768.48054433495622, 248.51638849355976], "elk1": [448.46349183297463, 911.49634335783276], "elk4": [861.0605356926103, 884.24538644797167], "ffar2": [791.86292732368281, 488.90538661884705], "mpzl2": [536.3343211124261, 869.79523849431052], "gabpa": [843.92158000506129, 803.61563910368864], "zfp59": [182.51694262151693, 173.23198205305673], "cd248": [757.20425264243511, 837.57692257227905], "dpep1": [252.19855985149835, 122.84944502428218], "kcnj10": [482.05488552211438, 826.24184459273533], "adcy4": [18.77817044208291, 505.03790993051325], "stat4": [572.6249035941529, 64.843106974888769], "micalcl": [194.10925402219226, 115.89083838750344], "gng7": [29.55490090366834, 435.26971494747573], "elp2": [417.38799078101903, 842.77065658889273], "lrrn3": [459.38575272428562, 291.59926114629195], "oprm1": [684.58876881851575, 146.5788764320869], "fbn1": [263.20551194729944, 710.35345154632705], "hps4": [519.74527946533533, 270.77558763662853], "erf": [981.22182955791698, 655.8711821703447], "snx29": [602.30419058647863, 425.7425960129051], "slit3": [182.11407987206616, 435.94969119338367], "hoxa1": [603.97362226921996, 549.55451120706175], "elf1": [105.20726202550145, 488.28191339224259], "ednrb": [551.95700774898364, 345.77199181783169], "slc8a2": [485.27929053015578, 453.46660190887889]}