{"adam30": [442.30435437114068, 111.40570285334314], "ccdc62": [289.63824779568478, 637.60463865839927], "stx3": [344.47062894521179, 496.22119215373107], "osgin1": [431.51041747225821, 974.15729083880899], "tmem97": [834.56836902500231, 224.70419419458921], "bc029214": [697.10987491615242, 928.82240625311965], "fat3": [204.13968506015934, 625.37539737866382], "slc25a23": [711.57078202629373, 542.56374776086056], "a630001g21rik": [239.16171469905223, 321.91891792082777], "trim30a": [109.22749383426734, 522.18414434980298], "sufu": [840.14731107769603, 665.59703845805257], "parp11": [324.82964061297804, 536.0488084822257], "trim7": [343.82468232091838, 592.25994181578722], "mndal": [221.28655453446754, 533.08834188573542], "b9d1": [906.06392646018935, 596.35193345841424], "snora31": [32.381839540768397, 390.67609605452719], "tmem62": [450.60212785960579, 510.51974318346788], "zfp719": [440.19476238620859, 579.50786998392164], "ppfia4": [776.09538485859559, 884.17236081420947], "camk2a": [625.23596918501221, 87.986455513028204], "arl11": [220.40385237298483, 347.67111738528462], "pltp": [917.5539303806039, 702.10563653706879], "acsbg1": [847.22390285627694, 749.65991054280698], "dab2": [521.50271863591854, 30.025089159089703], "galnt6": [908.27440641374199, 737.17841512922064], "mta3": [657.06375809080919, 117.65799483377958], "etv3": [419.49026901613985, 447.36622590594811], "zbed3": [803.08964052067006, 211.80008515430819], "trim14": [299.70860218084471, 359.1609207895512], "tbp": [622.43137066841655, 855.55094882466074], "ehbp1": [426.43609726335762, 328.03776697022465], "tgm2": [815.00604738553955, 691.76985252856002], "xylt1": [142.96700335874345, 837.21810684436366], "klf7": [871.52045406632521, 694.64865804040789], "klf5": [267.33243331292454, 60.804651100498745], "klf4": [187.69856621491542, 879.96096839623237], "klf2": [589.90509768505308, 930.1665895389217], "slc25a33": [264.28912030730777, 87.029198792645275], "mgmt": [732.99497014589963, 607.01989054862838], "steap3": [320.91625444843748, 476.6561245555979], "slc25a38": [967.61816045923172, 398.48806266484098], "dpep2": [41.297704572448083, 323.77896218776698], "klf8": [745.84846328302979, 354.03138849619705], "5031414d18rik": [415.25118832835307, 90.166981375810906], "ccl3": [150.10998579484618, 580.30416249839209], "il13ra1": [46.705865098115225, 415.496704094915], "vdr": [299.99370983227345, 926.51605895731291], "neat1": [137.05489391147779, 662.27193759755926], "rab11fip5": [879.40985861820752, 561.9322822219716], "mmp12": [142.51669679131265, 448.41649471579819], "nqo2": [211.48431729377208, 305.01522639649653], "tnni3": [418.45018737834221, 558.40231630677965], "phgdh": [372.40671931735955, 1000.0000000000001], "serpinb1a": [163.51882116856859, 878.33048422579236], "cdk5rap3": [898.8910136412037, 444.24734153370315], "sirpb1a": [749.45431973521522, 112.20530604849552], "p2ry6": [189.89415312192224, 276.01309757378857], "ddx58": [260.91224128957685, 374.32230570765779], "fars2": [432.28489154421032, 918.58873973865002], "grk6": [300.71988740169729, 61.232453250350432], "dip2a": [60.105466481358576, 293.23156239472127], "slc7a5": [887.52879800729011, 668.49063026216584], "cfb": [90.280240088338644, 277.83321535689834], "ddx55": [243.8844628403495, 625.64030139918498], "fkbp7": [602.72832088472774, 887.87933543713598], "palm": [918.34431441769505, 562.7884542937486], "h6pd": [171.54018063628158, 491.79455050427242], "satb1": [758.45199340302565, 912.9846837285877], "prelid2": [407.91140665030952, 26.176601137723083], "rwdd2a": [959.13422436565259, 360.29178776169704], "eps8l3": [110.99343539607744, 338.24079428988642], "rsad2": [293.24517703086758, 512.12767466985838], "entpd6": [467.10362162818018, 0.0], "gbp9": [172.76905204367003, 622.99490041358092], "entpd3": [123.05064033025022, 865.42806986374194], "ai429214": [767.39541081800337, 218.08666342549049], "gbp3": [364.63579512475076, 401.60512962829091], "plac8": [170.78211112627946, 918.25609716476981], "scd1": [643.7722104057766, 856.18008182872882], "napepld": [78.602132766392231, 454.68394635467405], "fam110a": [706.93778836741478, 58.862091519855881], "gpc1": [944.81244726595764, 618.97883516249908], "hsd3b7": [104.44768594709851, 661.06882198297228], "flot1": [784.97980068850779, 397.26249618154964], "ctnnbl1": [619.46196176878561, 776.98970966537433], "smad6": [965.38226103364298, 437.98422199380275], "1700013h16rik": [279.46915886005235, 325.10067549106833], "naa20": [307.13544302717497, 558.01077829272333], "d2wsu81e": [587.97641903804549, 786.89885990864423], "h2-oa": [899.06350089104683, 368.94448716249286], "ccl17": [142.41409845407978, 284.07307260589403], "p2ry14": [398.24163983271001, 960.05321148244593], "ahnak": [285.74653966496243, 382.54878104928366], "dopey2": [273.03047793847162, 30.112769642371177], "barx2": [501.49061209771128, 94.101231653876653], "sec24d": [703.41569737339137, 328.73050674909007], "itgal": [632.64608724860796, 193.57974124445587], "grb7": [443.00278986724089, 947.15433043003486], "il1a": [72.042203580175794, 422.71028044985599], "rhob": [586.98518764110315, 851.58344445616012], "cnnm2": [723.17157094452796, 412.74231070405403], "stat2": [244.55534226210935, 542.43812231448692], "stat1": [140.98816033949865, 595.09704739030371], "cd81": [371.94923593065812, 870.4194853185171], "capn11": [180.86873322599078, 333.10561274726189], "ptcd1": [343.33504011418984, 990.91317320503708], "tgm3": [191.53076998487634, 430.28831729372507], "sema6d": [136.93127418306048, 523.5695809248532], "fam111a": [171.33180737619662, 411.39724295867313], "pbx3": [931.51520123847797, 401.82739549509319], "pou2f1": [636.41255970312977, 137.48451814117345], "ict1": [753.1845674695295, 826.01671686492114], "dpy19l3": [499.64405111275556, 7.1249771156433326], "ifi204": [150.0689765245302, 620.86496048085337], "ifi203": [120.53360982007439, 440.19092829812536], "1190002n15rik": [273.09611033764781, 901.8502262113044], "aa388235": [233.51189216548426, 596.85364685178388], "jag2": [948.03021934520916, 586.7035193928084], "galk1": [705.51129353015358, 638.4974478022051], "ahcy": [469.14581592819934, 93.320911216539685], "tnfsf13b": [266.97319165496896, 574.39475308050589], "pck2": [928.01067236421068, 344.73611636642516], "grhl1": [141.52524438934321, 347.31520033560827], "zdhhc13": [304.73484631782259, 586.13075281741703], "cacna1d": [243.17433454897787, 429.79655778176061], "ahi1": [275.14058140104282, 406.92328744249528], "cyb5d2": [517.58075922010528, 62.619459263922067], "c3ar1": [205.915339615064, 370.5958362904687], "tuba4a": [683.19739885389458, 358.86913766425283], "srxn1": [234.86315541006698, 56.50075263131896], "lpar5": [563.3667474851236, 904.06320404205144], "irf2": [247.92740338938978, 511.63171403954368], "klf11": [433.54940314049202, 5.5865040833434705], "celf4": [220.29239258123039, 571.86745338512196], "irf4": [140.88736544613613, 387.70494379922252], "qdpr": [753.02180581399216, 324.21561596082023], "irf9": [391.72165782304791, 333.0563592597191], "irf8": [267.33554907948354, 296.23740103661692], "st3gal5": [96.491326578848799, 394.30021156786938], "cbr3": [933.91901941235994, 455.52742241656387], "gins1": [722.33554980304359, 841.11256645873016], "dbn1": [591.58989446252883, 823.10228632381381], "slc24a3": [314.94331334388693, 979.9677456601155], "atf3": [699.84923425801253, 590.82717095352484], "nrf1": [896.76053244262323, 624.70117444438631], "hnrnph3": [62.62681411190465, 379.65724923762036], "clec9a": [400.83824418507811, 869.02355781925974], "slc36a1": [218.57831231583287, 270.78863057901202], "erf": [351.78592703194204, 514.73759769292803], "tnf": [433.37156238874297, 497.64594729839479], "rnf39": [207.46743489262792, 589.93932581278216], "cldn1": [169.2452573262118, 665.48291176760927], "tmem220": [852.39791661282493, 254.23789826799901], "ldoc1l": [810.72216214417199, 264.54089297914834], "hist3h2a": [620.61103088489813, 925.64251713243266], "atxn1": [463.62987703496384, 485.11873053208899],