{"ugdh": [736.2992454910144, 391.70007915559734], "sparc": [-1.1368683772161603e-13, 902.65681636822137], "fbn1": [303.3089045387739, 279.55036732270219], "egr2": [999.99999999999989, 576.85512550319834], "nid1": [558.10382468719411, 97.343183631778572], "rela": [417.0692706919948, 458.62311992917569], "bcl6": [133.39036566099895, 548.23364617128334]}