{"ccdc66": [643.53565005083033, 851.69207646516156], "itk": [405.29825101862798, 453.70744196939472], "egr2": [170.92813763621257, 554.12600576718557], "egr1": [164.43763017523634, 608.96937857810383], "mx2": [601.17830295921203, 777.35283984967305], "mx1": [135.48271495134298, 664.66188304557056], "mgat1": [506.29742409618621, 670.24688233833558], "osm": [269.86338524092412, 294.9286805838089], "cd209a": [802.75512632145183, 425.88236809853845], "mndal": [307.48708573189401, 487.71642313898548], "htra3": [593.03470936028145, 901.76328126755357], "hsf1": [685.73294148228274, 567.79766166412321], "hsf2": [730.29574001364779, 445.93242142887578], "chordc1": [809.16813808077927, 461.25799342179806], "itsn1": [384.28167909178535, 406.89065454788255], "zfp719": [306.4402044629764, 999.99999999999989], "apobec1": [369.67666998955372, 450.11247167124827], "athl1": [672.75414333500521, 752.88014860841599], "nfkb1": [450.05472287190162, 25.808051302973126], "ai467606": [320.80079733344706, 447.46224515765414], "nrp2": [283.37173162463455, 390.24998009131576], "pecam1": [618.2571558193481, 675.03277902825198], "flt3l": [641.30565178620498, 454.36789352014443], "trim14": [206.97465017982654, 753.54885606629045], "vcan": [277.31220628789583, 745.61265534262327], "nfkbid": [187.06657556363871, 690.84546504166724], "klf2": [199.04745338532888, 483.13505070889119], "cd2": [230.18605669469054, 678.68033291062557], "ccl2": [465.47541127661947, 655.19431608031243], "ccl3": [519.46030963304179, 691.74983075880243], "neat1": [164.77436396497438, 733.99093594211456], "ccl4": [330.15547419672191, 695.61380128234168], "mmp12": [415.83502205131674, 424.80063285605161], "slc28a2": [260.77793103742567, 798.93492962223308], "nccrp1": [238.47442363339633, 816.84749150557207], "hspa1b": [857.30645312768115, 496.81065603675881], "hspa1a": [513.54160633172444, 575.99671762170885], "s100a4": [604.25208070251165, 378.07214219648915], "phlpp1": [504.06457536417929, 40.950112560042044], "rcc1": [326.11778527415004, 599.08735647506228], "ddx58": [179.25496060565735, 649.30719052791903], "stag3": [474.95927313056723, 763.09657290111102], "frmd8": [347.78599509838392, 547.7819566399354], "ptpro": [440.99635401607128, 722.01934478397254], "sh2d1b1": [459.13752922233641, 810.49311853050415], "rsad2": [437.16692736098014, 757.37657261441325], "gbp9": [204.66591494719484, 511.06254768056499], "gfod1": [440.35932329947292, 62.242085234039791], "postn": [816.98118310201505, 695.21830621015772], "tppp": [291.3741839416723, 826.95383971506863], "siglece": [523.32389135971266, 507.84552465415914], "il12rb2": [258.92636091192958, 955.5742116078369], "hspa4l": [383.30555076150131, 567.44580806431691], "id3": [267.4506547197355, 576.38986958462829], "gbp5": [525.09684412675051, 733.49310545506546], "gbp4": [251.1157627075699, 508.7514001408216], "gpc6": [655.62087735155671, 709.8926867242526], "nde1": [143.94029430242404, 703.76682000105507], "serpinb2": [454.92565203878348, 598.41906184385721], "gpr68": [491.8510565972237, 560.26694966595073], "tagap": [862.63066550469887, 627.12290489083443], "hspa8": [864.72313847678925, 539.98628925436014], "cdt1": [632.72502201327177, 770.24071559070819], "sparc": [313.62986323534324, 655.93742945914562], "oas2": [253.02127826536906, 640.19772108270843], "itgam": [833.90086177228682, 593.0890701764979], "col15a1": [479.69428914340341, 520.44354837830588], "srf": [341.67113045589156, 885.90516740013504], "stat2": [489.34824127380386, 824.72938621136404], "csf1r": [826.84094364453165, 557.03745999894375], "zfp961": [526.49262862125579, 765.16820723808576], "zeb2": [292.20807114886361, 874.74986813644716], "pdgfrb": [795.23078468612152, 668.53743365020512], "fcer1g": [506.20155982413809, 486.67933688905543], "gpr141": [821.53492420506564, 511.92740902012758], "ifi204": [565.14189804759758, 694.01041838368872], "ifi203": [195.55524748019417, 585.72395259278676], "tlr2": [869.58435296636208, 583.63540634754122], "dbf4": [778.03827355512658, 549.28429128435153], "lilra6": [444.06987964169656, 288.951037263572], "hsp90aa1": [770.88845206340329, 436.68389370840612], "itih5": [545.50297650408265, 664.12453492577754], "suv420h2": [234.23369986727528, 715.37092924697015], "sorl1": [844.20203544632284, 663.83015600353417], "adamts2": [511.38478495146239, 620.89941298184181], "mefv": [809.00921334378074, 629.12451842337714], "il16": [660.8181479785228, 675.45777479838353], "lgals9": [237.4543307028755, 476.56606920643031], "rnf144b": [448.38388345844993, 474.44901142202679], "ddx60": [329.42063106419175, 500.75459258311076], "myo7a": [309.10770965660589, 285.40541402955495], "irf3": [557.11726848930687, 748.58247079652006], "irf2": [274.01131965702848, 444.17213946540852], "irf1": [350.01660160896984, 640.02662704159707], "irf9": [584.41060998963712, 491.15305700169699], "irf8": [378.98291498978142, 356.80628681829995], "jun": [130.41564703363798, 623.30539655179962], "mtus1": [338.44716678003397, 405.91136399161934], "aebp1": [391.92029805367434, 749.41027286989174], "lifr": [255.36806299557827, 851.9653091345856], "gnat1": [318.42839240762788, 858.01724494411678], "dusp10": [382.93909430350755, 867.18487560869448], "atf3": [572.04601490488074, 540.98502149811134], "hsph1": [765.92225488538588, 403.87743995095849], "hspd1": [679.55624481710197, 422.03296640828728], "c3": [364.78518823156719, 998.4747079961777], "arhgap22": [367.32245326806355, 770.729142081384], "tnf": [328.73511280923015, 813.49326716533642], "ltbp1": [530.63913352297527, 379.88389224370837], "spns3": [296.82729720067061, 795.04392428240453], "sh2d3c": [427.38072084000123, 787.87249246116119], "socs3": [401.70857595710856, 21.856861445274035], "plaur": [488.93359020516232, 709.40622762313842], "hpgd": [548.32193604319468, 585.33545141208742], "slfn8": [307.4286959550812, 405.36279805799984], "dusp8": [520.40916768282034, 797.98365758787872], "kctd21": [508.924354405413, 835.85387802846856], "itgb3": [142.44151241906729, 579.97597636998739], "eri2": [234.73330619308041, 555.07177532443075], "smad3": [470.30503802059116, -1.1368683772161603e-13], "ifi47": [657.25621842541079, 345.91558979982415], "cpm": [772.82155892939011, 473.41620934820162], "fos": [509.62762812594491, 420.95218846124254]}