{"plcb3": [517.43730767352338, 722.57972795034345], "prpsap2": [632.29180036391506, 893.52469062977161], "s1pr2": [383.76757259096769, 735.73860219539438], "stx2": [646.79797693808325, 392.06182905198784], "rps19bp1": [405.17956898656973, 529.23887768367274], "rnf135": [917.50850203273603, 365.0271600174807], "lamc1": [91.561160179818387, 486.62790255251616], "ptpn7": [343.90194821194478, 229.99289722597922], "sash3": [671.55393316776986, 338.79864724446963], "zfp61": [193.22465376874911, 363.6431402948748], "htra3": [582.1698589894313, 580.42853743259138], "peo1": [666.12324538642224, 485.37260243776262], "atp13a2": [247.76713816414667, 145.84628921766171], "mitd1": [438.54572915107741, 49.556591173423783], "ube2t": [381.40094452538119, 762.12465874632221], "mdp1": [581.21766001414096, 154.31274060903922], "trim14": [335.01706443564876, 191.00512205239323], "prmt2": [115.71372480955961, 598.18643049952459], "rgl2": [559.97115556504718, 308.32310503170379], "prmt7": [609.54298093234092, 402.84478476659797], "slc39a3": [635.02145706481997, 768.95733263775401], "loxl2": [802.48717265930145, 386.59406839756173], "slc28a2": [144.37102230388911, 365.20402109354103], "bc017643": [594.47392195817315, 560.78140670178595], "postn": [728.35211329067124, 669.11077170559656], "insig2": [452.79781303709888, 38.938454449631138], "zfp523": [373.76777567361347, 342.86344610484355], "fkbp4": [209.31098808786598, 662.55480158227783], "uhrf1bp1": [444.82041956752494, 247.86039297424654], "kifc3": [460.46355650378075, 653.63319282669545], "taf1": [448.4637067672399, 577.63540146312516], "hinfp": [154.90306122005339, 278.83812814698922], "neb": [616.79444558055513, 910.46246533348381], "bc029214": [631.83032762146365, 248.41778928904506], "zfp148": [602.86863655666775, 532.172066033487], "zfp143": [419.04744338036835, 799.64303416841608], "phf23": [491.69062732721153, 767.83086357951402], "asb2": [783.94944533400496, 814.26109740824108], "ltbp1": [662.88717314050439, 897.78920073010249], "eif2b4": [691.21878943452077, 524.08390059521844], "hspa8": [395.5711609714283, 627.63194411211964], "eif2b1": [172.75860808963262, 537.16369641334973], "nfyb": [83.03170805819326, 353.59390434513432], "nfya": [762.17683863913658, 540.48945230033394], "hmcn1": [814.87405868158953, 677.57637066856023], "degs2": [837.8368924594472, 850.52135532443481], "rrp9": [417.45072130783825, 428.72611005757398], "rpap1": [913.83318136357138, 474.30540342034226], "orai3": [526.35614278213427, 320.50893484014478], "rad9b": [831.05256673596978, 395.11011122824954], "nt5e": [873.38030838538066, 542.51665955410567], "rpgrip1l": [568.53288576036118, 103.20032079425391], "kif2c": [562.04060885390572, 545.61460582470977], "hmbs": [248.41875047439038, 486.10589948588466], "rbbp9": [198.08056713306556, 574.96046596790359], "rab40c": [223.45874603949025, 272.04883776439112], "adck5": [309.98613307767687, 201.96096586726645], "wdr8": [226.12913559206424, 539.20194920525671], "rnf144b": [661.46515281526183, 828.62510352130357], "pcdh19": [53.398174514652908, 456.87614036097295], "smarcc2": [156.64166915223942, 220.30630665230669], "chchd4": [671.25800529667799, 436.68009097615203], "scyl1": [717.93758538276234, 435.28862688525783], "rreb1": [103.46098584842656, 631.89481923393419], "metap1d": [360.31886011556753, 531.14939263255087], "tnf": [576.29722090746873, 693.09407669820598], "caskin2": [283.8337144663339, 599.92087626801094], "ttyh2": [802.28654070589914, 454.60539720229116], "zfp276": [224.49781034998995, 361.82550345818936], "gas8": [831.69586190725909, 644.19545847906818], "palld": [423.93419302452094, 196.70401647610015], "sh2d3c": [228.81664026333888, 239.72298166456204], "trim65": [540.13323843461387, 697.76051119685997], "h2-k2": [68.179679498373957, 427.97541397415063], "prdm15": [373.81089085030004, 210.07585984835021], "dnajc28": [925.84382519428982, 542.16715229145143], "anxa3": [868.10367710941864, 503.29338725485115], "c1qtnf1": [358.3979528770094, 78.326368539825808], "sp1": [775.30696105170477, 376.18087818656443], "sp2": [583.47219660529777, 310.77970253123976], "sp3": [298.68386957491936, 660.60179658800519], "sp4": [702.26365038442771, 218.16957596033953], "kif18b": [564.0719775445607, 399.29233746529746], "slc25a14": [886.07639117020926, 686.10672138225436], "adcy4": [512.87595514450186, 684.79778407746971], "ccdc80": [796.32312020358279, 99.591752879279966], "ccdc84": [389.33720321134297, 487.61670760581956], "kank2": [572.68706669560879, 749.74349605067812], "kank3": [488.71688842973435, 746.16690685628305], "c2cd2l": [368.25191440764536, 151.40225709880536], "1700029i15rik": [549.82960953205179, 462.29849385513512], "ppt2": [764.18390862629212, 288.49963888219992], "ccdc69": [94.033379601247589, 447.13122672156709], "9130023h24rik": [302.95161426868907, 399.56871371214623], "anln": [255.95983010494567, 428.01531458210934], "banp": [630.46868013878418, 481.45499210524332], "ddr2": [671.48635313820637, 534.55947474253094], "slco5a1": [499.39803426493393, 513.98957553792968], "gabpa": [722.20937332420226, 552.95931171926134], "mpzl2": [592.29587601411174, 245.50558845085999], "ppap2b": [670.83963129248946, 789.16195586488368], "rab11fip5": [197.54980161522727, 272.80351269110906], "vwa1": [615.51859089831567, 634.78853178858139], "hspa1b": [889.01954546385741, 272.41081669463745], "hspa1a": [674.94919746350695, 366.35089612562484], "wdfy2": [303.62813021737929, 230.41933165781808], "mms19": [658.26429175648923, 248.78674401040831], "ddx55": [677.36486374691913, 733.91510845549965], "kif14": [311.28501289108272, 701.41728968377163], "glb1l": [671.37759117122255, 655.93161175528689], "dse": [689.56217579332406, 916.64862777163285], "ubr7": [746.36635038425027, 330.24888974015437], "zfp282": [644.82525733715079, 642.55123054146429], "tfeb": [753.43658647048073, 243.25777871212537], "zfp691": [899.27778837403343, 389.14862278901728], "lig4": [296.10169867328057, 739.04851651046943], "col4a1": [833.76888559285862, 781.54586612339801], "rhob": [645.67395924040397, 323.19824615929008], "carf": [207.31056425819858, 617.54742283361736], "amica1": [656.85357463281036, 303.87743215065564], "polr2g": [198.06504658624618, 513.00491736654908], "ddah2": [233.22353522851029, 330.84077002522213], "wdr45": [389.83949213088238, 319.98651162082069], "ccdc22": [436.81604138942822, 716.61352008730478], "commd5": [399.89317210355006, 51.886742090246514], "pgp": [72.28833308233078, 406.88034799409883], "brsk1": [614.23127736699814, 509.36826294113814], "il16": [624.36773746017207, 661.35032988149271], "cxxc5": [434.227586414798, 545.83032244126923], "tprkb": [697.20475153248776, 784.95074574515547], "tmem229b": [579.68620608347283, 646.19320694243947], "e130311k13rik": [712.50267718307032, 803.0089028979562], "gadd45gip1": [373.55590725553242, 274.90180463516685], "aebp1": [89.982939933547129, 542.95690181830219], "e2f7": [720.10394631505528, 491.50277948661079], "bace1": [808.7342738386933, 738.77551033147006], "e2f4": [331.33407812915038, 510.52728389200144], "snupn": [764.1412337746591, 670.27733600513795], "polrmt": [479.58296321591069, 308.67022874050713], "blvra": [71.053094821722141, 497.80971144231268], "lepre1": [722.91971412499606, 316.8647769834796], "pex1": [496.80880132472618, 196.29888593199058], "rbm43": [480.49769758314602, 806.97703162755715], "kctd5": [493.99063349323399, 711.83769461805616], "pgpep1": [611.86030073973814, 353.90579410490955], "zfp41": [697.67311472296797, 587.87051439435413], "tdgf1": [821.86492572972475, 198.84519118937942], "lrp12": [608.39095299113637, 434.50154951990748], "tspan4": [511.17454780500708, 607.40737280885492], "kctd21": [537.62155197008713, 367.18550548497893], "hip1": [375.91411585425243, 709.0718700168087], "btg2": [263.27576287165374, 540.74145084780264], "plau": [884.67164450937958, 423.99830849274491], "adarb1": [440.76966472682966, 771.61022530414232], "gm14446": [526.41155989621132, 746.48329285036391],