{"foxj3": [450.91381046353791, 888.09930968092658], "f5": [305.94054149852764, 915.62723433906694], "slc7a8": [514.12874727862345, 978.39214959548144], "egr2": [564.87161838034149, 57.254239408965674], "egr1": [476.88201136472134, 71.184649876782757], "fkbp4": [532.11440233366011, 145.33839506654147], "dnajb1": [90.641586233945475, 268.85345703912492], "kcnn4": [901.94994134702483, 711.4791430079049], "stip1": [209.71122313295982, 474.5815705989242], "sipa1l2": [955.30770498736138, 508.68790844983334], "rnf157": [898.51016390642849, 556.13875057900498], "trim14": [319.78444091373598, 75.90770876421233], "hsf1": [206.14885196146437, 394.24588498586121], "hsf2": [155.50347870930423, 208.84423060682445], "chordc1": [139.46408133488714, 576.67528958530238], "fos": [412.84010822461039, 270.60332914858702], "spred1": [882.99685089043635, 416.59383867490448], "pkib": [961.9424855982088, 596.72749559093904], "hspa1a": [38.057514401791138, 484.99905460856041], "fam129b": [853.1322808011339, 752.83152093324111], "hip1": [79.580979228761123, 544.49298619530646], "igj": [335.36786783612177, 848.66467100923978], "asb2": [388.38330450989264, 63.586368931350961], "irf1": [540.7202029530647, 249.15379298459038], "alpk2": [681.35558466688099, 651.36167649589515], "map4k4": [519.06767260160609, 894.88842468048961], "lrp8": [946.53210521436199, 662.93740808398616], "hspa8": [167.08236579746395, 274.12591558945121], "xcr1": [724.63620325296961, 505.92768946884922], "met": [116.10421225364797, 458.37036087586642], "stat4": [821.88050235384685, 414.84667065454028], "klf2": [588.7728813834492, 182.74610083140828], "cyth1": [354.23898822162579, 973.70050096783325], "bcl6": [132.93916779032566, 311.42694129381243], "atf3": [247.00388290014411, 258.50358606292718], "rreb1": [820.71971524084347, 592.96908705815781], "spata13": [934.76967196664054, 449.33003663077938], "abcg1": [397.20536809270413, 0.0], "abtb2": [696.74399394368538, 574.70811013383013], "vdr": [772.23993302517852, 455.35803383952174], "srf": [428.94390652218721, 155.46897927047985], "hsph1": [44.753655440381579, 417.14550339320272], "lats2": [421.75669244697372, 828.13637430085191], "cd81": [728.03468262865067, 725.5646026915781], "amica1": [276.96041150065616, 549.43420678120106], "cpm": [349.4499707702181, 190.8365521280881], "ahsa1": [301.01293107909481, 484.22427815148467], "basp1": [635.62180706151207, 746.29367133040159], "p4ha1": [301.9908868159747, 217.69123513433419], "cish": [432.34802002864501, 1000.0], "dos": [792.21481777379449, 740.39994412445299], "btg2": [208.48463311121964, 578.44737423201764], "lifr": [471.15581007751064, 214.51053360374732]}