{"pkib": [757.13302340572011, 227.18204880088456], "dok2": [794.24721919262629, 756.84155068905136], "cebpa": [180.14589961591855, 672.27739807905414], "plod1": [146.62031249664972, 760.88516947586106], "lrrc8d": [618.74348352092375, 44.197317220129662], "timp1": [288.5347526445596, 140.15407846748047], "clec7a": [522.88913486380488, 493.98921141141625], "egr2": [333.61753852039851, 722.1096719650634], "myo1e": [368.98039599439704, 73.828065281492542], "polg2": [999.80123435185203, 599.57825095185251], "cnnm2": [601.73842549198753, 153.63201393687302], "slc7a11": [324.00884870541097, 204.66895238677992], "gpr126": [495.78132197469301, 126.4307349203589], "gda": [478.08687239070173, 36.635998927826563], "zcchc11": [642.30260835397382, 191.72625966265477], "stat4": [646.28348952630131, 472.95517990797782], "capg": [456.00417662387639, 424.37427902541037], "il16": [578.48698377413518, 963.36400107217344], "sh2d3c": [1000.0, 694.36837202777724], "nrg1": [331.04427749646652, 381.82166514753044], "pstpip1": [999.34287199969435, 645.59520002321483], "pde3b": [793.84518867934435, 201.17940510205426], "ifit2": [968.6007908587419, 565.04958944149723], "rasa2": [702.37869078248082, 83.774305193168885], "bend3": [522.0904646624499, 353.52418254727246], "hsf1": [569.61883261417677, 912.32671384406763], "lphn2": [788.99311131373452, 262.0771647388101], "trps1": [702.6453079864184, 260.9849587264232], "chordc1": [818.20286221969241, 796.09830864519358], "fn1": [800.83372233406681, 668.70668394995732], "ahsa1": [921.43485566009917, 744.66683988201567], "slc16a3": [730.76006287167468, 115.86547154687221], "atp13a2": [912.07298331577942, 797.46994467724903], "hspa4l": [344.2927314072528, 828.44629407864511], "spred1": [669.31393336298993, 383.46950850291881], "slc16a7": [300.3423812984513, 337.49064395178755], "gab1": [357.41237265692121, 774.04981360855413], "foxa1": [396.40834610783588, 282.88415441771821], "cd14": [536.58927223948297, 208.98803735974786], "st7": [402.88666323265596, 152.46347879925588], "prdm1": [437.78494804451589, 159.91209287440103], "kbtbd11": [290.29148259202429, 820.29499528914357], "zfp143": [897.79542443988521, 687.87851253595193], "marcks": [444.62491791402852, 338.04267439274969], "ubxn7": [695.7545937093787, 175.01927682542853], "hip1": [878.92127534711722, 594.04520143960247], "ocrl": [670.67930445426373, 55.204501862307666], "relt": [89.096453815944983, 445.27255298209099], "yy1": [597.56937132508267, 112.68552278831083], "banp": [863.84442773841079, 808.05583326076703], "taf1": [374.64045450386459, 127.68733842808521], "h2-k2": [834.9373493834139, 626.32533929239787], "dnajb1": [514.89303662618499, 929.58560346448985], "hspa8": [922.29273282063161, 570.72492936589742], "sp4": [559.43035386461202, 389.65012874758645], "tmed5": [700.6190091930207, 136.03078824244895], "nfkbid": [171.14010347678703, 810.12094963378036], "smad3": [426.00210888508843, 208.54878485325963], "lats2": [593.76893240145512, 408.28751685332327], "zswim6": [583.02218176947827, 330.48403403731515], "hsf2": [40.249055782364053, 437.91570419635059], "col4a2": [287.29475047120792, 684.60363590559632], "6330416g13rik": [976.46085811756188, 741.91352182906803], "bcl6": [55.558375851585254, 376.50405162247421], "chmp7": [232.63975681835836, 666.97021101550638], "atf3": [248.08026279189693, 764.45918695746423], "ccl2": [0.0, 410.44520079321489], "fkbp4": [777.24850343215337, 713.18160208983636], "abtb2": [393.86428828574736, 205.51831222991541], "vdr": [750.86316170509815, 299.53223420714818], "neat1": [213.6094184217194, 850.4393985542149], "hsph1": [31.00655241599685, 483.80999781473224], "e2f1": [597.4515067133766, 215.83712026619969], "antxr2": [481.95919942559152, 202.56874729316053], "mzt1": [447.94802370105003, 97.824830795301551], "exoc5": [633.08149557818376, 88.230659027779126], "foxo1": [567.27546891618806, 44.229282190570302], "slc36a1": [145.89392804963211, 709.51397820593388], "hspa1b": [614.32652909570675, 901.64497266019919], "hspa1a": [548.9612503905953, 864.91268968211989], "stk3": [620.96860341450326, 378.89788280935994], "cish": [424.78410530721015, 306.99920535744508], "ica1l": [553.16222540755291, 82.558133975636736], "phlpp1": [648.76024631784264, 343.72149591915388], "lifr": [268.77445360754422, 869.31076702635755]}