{"sspo": [525.63773847141636, 617.63779605462366], "cep152": [876.99305015849097, 356.57012681717254], "ddit3": [431.72418772853695, 186.9457662135444], "egr2": [862.60951362371372, 851.26645285717393], "neb": [685.47887967216502, 459.44123473849447], "egr1": [891.86738267869282, 940.98988852509683], "mx1": [574.1061092145294, 358.7211526388071], "dok2": [848.37534547515907, 925.25744376334058], "tnip3": [1.7734733627225978, 784.02544407674486], "plcb3": [837.03988254113892, 726.87724611330657], "rnf135": [626.87577965602156, 550.42763189840798], "slc29a1": [815.18633842207601, 242.42017876526612], "ptpn6": [894.73191055744269, 396.40912790683603], "hsf1": [548.62951601929115, 464.24267269605389], "nckipsd": [469.58813659238331, 389.46698682305163], "aspm": [977.10644287537809, 244.10502875019739], "tbc1d4": [39.158260726719504, 788.17119027225635], "pkib": [83.643194375536837, 878.26389068731169], "galnt9": [453.04815697218731, 298.95227178792305], "det1": [835.51337403387902, 193.27016398583817], "hip1r": [252.95643480141325, 815.13966714397429], "mavs": [355.94222947140452, 388.81111228233095], "coasy": [785.01023912107485, 576.46784287989283], "anln": [857.54665217512047, 395.51465564739698], "trim14": [686.45601652694927, 523.37611198858258], "etv6": [495.54878383504763, 218.06030869722949], "tbp": [742.21223728445329, 186.33106016505485], "rgl2": [822.51803774621487, 817.34662854940541], "fyn": [186.61702761129908, 722.13385021798274], "rpp38": [278.70008187536843, 256.87512463803535], "nfkbid": [793.06533556991849, 342.92600724757654], "mpi": [578.09003208294632, 484.63853506283027], "klf7": [919.91390590217293, 306.28655660082131], "zfp143": [586.18553172032023, 214.250820338458], "stard8": [862.50809438494639, 465.83783093366537], "srgn": [58.437326058194799, 814.05684008433798], "gabpa": [830.07095769780778, 537.48939730660823], "ccl2": [634.78415189748648, 470.53592611154738], "ccl3": [732.42461048431642, 107.61581182276439], "trmt12": [775.65500042582892, 135.9361305663453], "zcchc17": [610.64796670359249, 501.28024724357954], "ccl4": [717.04975011801719, 478.14960817974043], "bc017643": [914.48547285159304, 518.03580453149209], "hspa1b": [895.1809876147554, 868.5241307559437], "hspa1a": [708.80001692024223, 625.109291858142], "bc024978": [447.8285629502526, 529.17239761074256], "zfp251": [876.64538181836929, 562.33790307965796], "gpd2": [186.51986026771658, 756.48019064847722], "batf2": [643.90806822453794, 133.57172257329594], "elf2": [603.00046521988543, 292.14450468500752], "fbxo5": [964.87379029458623, 620.25285937171361], "rcc1": [621.65865409539015, 599.65318777839025], "ddx58": [711.11533321109687, 594.57210317467275], "2310061j03rik": [27.720122727362991, 735.49164837493106], "grk6": [894.42970685376486, 269.41302342507248], "trim21": [409.55855973812743, 382.03997714988049], "zfp526": [843.19027216687368, 512.58172240267982], "fkbp4": [901.71677117959302, 552.57593156722055], "fkbp5": [782.01180866724098, 199.66772969041023], "narfl": [554.31129388197076, 71.1631263422139], "haao": [234.49622740291505, 790.16422501441946], "lin54": [212.32841220982885, 943.37640610776725], "rsad2": [630.37889628275263, 695.7997710163213], "btg2": [842.26862784428897, 231.69755830840478], "trnau1ap": [694.2676724770057, 147.68218266348987], "slc25a45": [460.65482156279882, 482.13323361864087], "fos": [806.57654710729878, 199.10893043013476], "id2": [265.85359805519369, 843.37678727571699], "ecm1": [767.80559272754533, 633.19268599624888], "prr5l": [59.969473305959355, 899.43516026324983], "setbp1": [130.04773095483239, 861.97979242084489], "oma1": [521.46457556751841, 479.54363083716783], "nde1": [869.81962983395874, 427.21151498593127], "dse": [665.02358294565397, 492.54011412713669], "plekha8": [771.74585662227707, 276.99619382183755], "mon1b": [662.62096093529271, 198.47663819781593], "asb2": [525.93753502222455, 254.54907707631193], "taf6": [946.60950598006627, 325.80272437630026], "cpeb2": [25.693458081584936, 678.00084518135941], "h2-ob": [221.39297400357702, 760.05970668352347], "ryr1": [161.87085737266347, 906.85146708807395], "dnajb1": [666.48635831119191, 437.13065945857784], "hspa8": [420.13084414659659, 463.47737627650292], "nfyb": [999.99999999999989, 309.07687003119844], "nfya": [540.63876092959208, 492.34369375824565], "elk1": [611.95282700625421, 193.98244913987895], "foxm1": [909.59261588693084, 422.33343591225707], "plau": [390.55776447562903, 237.19535300258502], "zfyve1": [756.92003439708765, 350.01878184386157], "ybx1": [759.20692825786318, 651.48174442932236], "chmp6": [709.06057774472094, 553.10093547743645], "tnfaip8l2": [654.37758122858679, 456.20549760972625], "stat1": [539.64798172140513, 396.11374300961796], "phlpp1": [126.92634474724349, 894.38161748254652], "stat3": [559.81198699906554, 179.16179351270026], "zfp839": [704.07306932860411, 90.831527490779052], "eif4e": [98.42093534626099, 743.6096240243013], "nfe2l2": [496.56035998727589, 419.62818471502555], "amica1": [484.42835973935701, 263.59910397725685], "sdr42e1": [950.60676448151594, 431.06247496587446], "pde6d": [326.99607774799659, 332.21604785527893], "phldb1": [172.27556113554141, 867.14468089796048], "vangl2": [438.02164553343584, 508.4248256532457], "dis3l": [763.11001393486026, 492.11908586445281], "pbx3": [714.1510775653453, 580.44001213590332], "plxnc1": [42.971221553200735, 865.40578872326955], "fbxo18": [551.59285544074032, 434.32325450522762], "catsperg1": [798.79392104887609, 270.08349690614978], "fbxw17": [821.89680362355887, 624.04323658491398], "mrps31": [596.6189773338175, 56.623593892232748], "fbxo11": [139.30193171905097, 686.84353090251579], "b430306n03rik": [336.03791708463922, 310.57817367116826], "nup43": [482.00252324868291, 154.46106792532055], "dennd3": [60.734730453154839, 737.67734424790456], "cdk1": [871.89050846129157, 303.94025097951419], "ets1": [421.95105449898688, 344.16495750249521], "rbbp5": [639.58936517102143, 571.9018780043134], "bbs5": [52.440572031311603, 660.79821146462473], "cwf19l1": [355.47359927138797, 208.95927459076756], "ifit2": [652.62877899037721, 263.95179520945754], "polh": [377.94698858022167, 146.27140125345483], "ttc5": [306.37268728523691, 238.74454023324898], "hist1h1a": [923.75380395483762, 459.84490332033101], "mcm10": [894.93571605948898, 588.72343459780063], "gas2l1": [688.33597833557747, 241.16816553673385], "calhm2": [286.35388480202897, 300.69074766770723], "esco2": [924.05671341609241, 551.88839305032138], "lin37": [502.72690862029617, 384.97486651965283], "gm12250": [825.16440165115614, 117.76001684119254], "il16": [573.51290286835615, 145.25618245063703], "relt": [746.00719693438884, 247.18991997402293], "pold1": [839.39122467277571, 253.20920896450096], "rcsd1": [591.23862160774672, 399.89513466568627], "spag7": [842.54874816034066, 347.20718880670984], "hist1h2bl": [755.90765165879043, 544.35530761225425], "myo7a": [365.73931605510387, 192.16834042816464], "asf1b": [836.99694800457041, 401.71956891168412], "zbtb45": [610.68052459350463, 261.88841879363122], "gpr153": [770.06502975767739, 463.58101672698331], "irf1": [678.51002959882669, 562.11285450685023], "yy1": [710.21559172018078, 422.63923083096478], "rnf166": [838.53996636526006, 274.38807068782415], "rnf169": [912.22913568174999, 352.23977709196515], "jun": [887.66521080251732, 529.32540619920235], "gbp5": [478.90346339911326, 318.27406787385968], "ppil1": [600.45014703930815, 378.85464744856296], "gna15": [852.6403292910793, 578.76109470533413], "klri2": [240.87404405553002, 926.2131089842951], "cytip": [19.340964522931245, 707.68855737129991], "pask": [791.97258440425003, 554.1023696442669], "sh3gl1": [791.32785530813476, 431.01533481236083], "atf3": [502.62947433606263, 348.5694247833527], "nrf1": [536.06455395282956, 566.89469675712826], "cenpo": [448.08946250714791, 130.92216943229496], "lrrc8d": [204.53801656852249, 914.27225500134273], "pde4d": [180.49663023355089, 824.12612926976533],