{"irf3": [449.22193299011712, 502.92705575930631], "ccl3": [17.918369070225992, 427.69183851245759], "ccl5": [303.17047398644763, -5.6843418860808015e-14], "hpgd": [810.44522024898708, 104.69452214767449], "apobec1": [654.51804306443421, 1000.0], "tlr8": [982.08163092977418, 595.83129683318737], "cbx5": [141.60851149305927, 926.67792967951084]}