{"rgs16": [862.54724272861608, 799.56723278516552], "pdgfra": [800.62958968961561, 170.6632813144825], "foxj3": [780.00662721751223, 738.70316816287027], "rab4b": [931.00109386366012, 747.80503464922708], "nudt1": [505.1632954094037, 80.484874785775276], "dcakd": [215.43320072663431, 248.86726969896256], "kcnj10": [490.8732557292758, 245.20659454511079], "satb1": [823.99792156670151, 876.33168741942711], "ptpn3": [926.13567303106208, 664.2401040244365], "ctnnal1": [195.87891009597121, 169.78803795972752], "hinfp": [238.88755177587416, 892.33057870794596], "adamts2": [916.28430178504016, 317.19607243964742], "plac8": [864.490461848731, 608.45451880210896], "apom": [201.4685160994008, 681.12215816200978], "bc039771": [668.45294049693632, 850.78429586529546], "3110082i17rik": [449.10765211566888, 25.490116273912577], "rnf144b": [970.95227092140703, 162.30917361209953], "elk1": [898.50032087129671, 225.98471733484823], "bivm": [289.9930330339289, 40.192928777081534], "dgka": [276.95355351323605, 306.7110145686139], "gm12216": [638.2585773187692, 686.79180201776524], "ttll4": [2.7606705780123093, 625.50680172953162], "etv3": [260.82573906368373, 628.82294503579033], "etv5": [307.41030244890004, 907.59399745186511], "mat2b": [778.27749221476256, 593.61950214218018], "c1qtnf3": [307.89965104808954, 984.52930038510101], "kif3c": [693.03652078127516, 618.979421071552], "prmt7": [876.41775485575954, 110.16961793606214], "elk3": [13.05528332760116, 518.78279515663098], "gng7": [429.22919799306305, 308.17611778242645], "snx29": [740.30332097097482, 891.44797890176483], "ffar2": [633.25445465777921, 773.19413479581056], "mpzl2": [336.98489649911778, 835.93916004498237], "gabpa": [359.70474556722684, 165.8121281177815], "zfp59": [395.54224375364959, 931.01699063041383], "cd248": [226.4246611611814, 94.292481702332111], "dpep1": [0.0, 413.87913668809483], "adcy4": [369.29627862300259, 15.47069961489899], "micalcl": [514.13017764457754, 161.73899176462973], "elp2": [815.66244082301, 279.62552949340909], "fbn1": [352.92195390668843, 270.68805685375111], "erf": [58.682108148302746, 581.49557808170221], "zfp940": [1000.0, 270.03696828706728]}