{"adam30": [483.27617658014384, 520.83385746156489], "ccdc62": [114.04408785404826, 617.39377411138196], "stx3": [188.41251452841658, 339.19285411166209], "osgin1": [866.35368804962081, 354.11892764616573], "tmem97": [770.24388886833322, 239.76598194441937], "fat3": [41.937652865719656, 490.85957446369758], "slc25a23": [867.31856642537571, 262.09753389356939], "a630001g21rik": [169.8539232728433, 504.64487587869911], "sufu": [823.78085412893984, 752.06177994773702], "mndal": [63.487141592162743, 356.63130821526784], "b9d1": [765.90725911155448, 171.81061917237361], "camk2a": [527.85189759148523, 902.39071544286185], "pltp": [787.00971050750525, 607.55721754366527], "acsbg1": [905.86570218785278, 695.54791692606727], "dab2": [651.11077851850428, 554.6252944803764], "galnt6": [934.85995891593939, 392.20837598567584], "mta3": [659.04476009987161, 697.10417795524859], "trim14": [232.63984458805959, 438.40263749038161], "tbp": [623.0345576370562, 422.28884020770931], "xylt1": [882.88407062481156, 566.63888844758901], "klf7": [787.24016305786768, 664.88253105774379], "klf5": [961.0639931554316, 475.56278325482947], "tgm3": [162.21868580043281, 412.37100625984226], "klf2": [608.8844062111524, 375.24535028327489], "slc25a33": [966.70424056680781, 448.68386166351979], "mgmt": [833.32974978234427, 390.17696655895531], "slc25a38": [896.63389690495001, 643.79905114650501], "klf8": [718.65909853817584, 690.79783482449011], "5031414d18rik": [578.46328299641561, 448.12782637833203], "ccl3": [83.657395151725609, 623.95322700699182], "tgm2": [835.07146465967298, 670.79857886142474], "sertad3": [756.97943456036955, 267.155290916436], "mmp12": [103.74035828181468, 345.66725591516382], "rab11fip5": [746.49840691197744, 221.61553304026154], "nqo2": [44.45604858535205, 324.61501965596341], "serpinb1a": [916.00165449609312, 758.65972034850711], "cdk5rap3": [857.47814389623261, 742.08088453927235], "p2ry6": [76.385328089809718, 302.99207535590222], "ddx58": [22.305551554486783, 548.36943922206808], "trim30a": [228.02253782454466, 478.30500557003751], "grk6": [812.3977143513489, 601.06211278487183], "slc7a5": [805.97203925795725, 643.54326971806699], "fkbp7": [716.37269900866136, 399.49742935247446], "palm": [661.02920332755662, 112.42100988316292], "slc36a1": [226.14594419647273, 339.5648236628225], "satb1": [589.10551030904253, 412.22677768508913], "prelid2": [518.22837625464581, 442.23396048381829], "rwdd2a": [948.54958422801997, 421.05058821070975], "rsad2": [180.57426060023153, 288.84431343505412], "entpd6": [654.81259669045289, 454.66320949650549], "gbp9": [1.9258737369183336, 462.20365345959669], "entpd3": [915.020276427456, 574.43833329975882], "ai429214": [492.02803989549489, 573.25519534206956], "gbp3": [5.146605613527754, 500.58733264888104], "plac8": [948.03531322203798, 730.8021078053705], "scd1": [736.01806133742957, 458.02480702845583], "bc029214": [778.17021553415725, 354.17098342285851], "fam110a": [891.17220053082326, 323.59965343904935], "gpc1": [748.56037288157256, 300.4483920578453], "flot1": [739.01967276703579, 499.22023542881846], "ctnnbl1": [557.5479078718796, 376.75677377777544], "1700013h16rik": [187.41829199474358, 541.1387433097666], "naa20": [25.532095345801054, 361.44687559299564], "d2wsu81e": [599.10842528013268, 268.8624023441451], "h2-oa": [547.78829000050007, 528.05797954406012], "p2ry14": [646.9438857312465, 530.87299267922845], "ahnak": [120.50019176978606, 568.29654948143457], "dopey2": [971.2195394840744, 391.91083936873252], "barx2": [590.39356816852421, 887.74801479822031], "sec24d": [719.29460430375286, 642.89360609443395], "itgal": [583.30680612317019, 786.49356048633774], "grb7": [904.572551574317, 416.35368894973851], "aa388235": [133.48509058061529, 530.55626410426464], "cnnm2": [989.44050465230998, 424.52513981676964], "cd81": [625.26676749491719, 551.91566944079], "ptcd1": [895.55876776837715, 458.44014913576558], "sema6d": [210.80870547860582, 305.58215068643165], "pou2f1": [575.83162382699231, 758.35979346406327], "ict1": [717.87817912694231, 282.66488102961154], "dpy19l3": [643.54417490301159, 480.7152333764904], "ifi204": [69.504004126666359, 416.19957185487362], "1190002n15rik": [846.69955300769311, 589.47395716945175], "rhob": [663.55916875791024, 362.32585863885089], "jag2": [699.46787434494991, 243.77564981931823], "tnfsf13b": [238.81439439061927, 396.7497133826779], "pck2": [704.37755761883068, 97.609284557138039], "zdhhc13": [223.56471254435496, 565.44126333390034], "cacna1d": [142.61287388378059, 635.13199455051938], "cyb5d2": [590.51085505724723, 628.28340443824402], "dbn1": [673.92566540126052, 330.10642518588668], "srxn1": [961.4667178810779, 504.31915391939651], "lpar5": [560.33217370736463, 301.47989542125185], "klf11": [750.58807663297148, 649.76831792248777], "celf4": [66.416737823245626, 596.73391681577766], "qdpr": [747.76244050197386, 743.86412261981536], "irf8": [124.71505025938313, 454.92492256374425], "tuba4a": [696.84242529657888, 369.03670570453147], "slc24a3": [619.74109761118336, 835.38500993499736], "atf3": [792.89394220596125, 459.11399534526583], "nrf1": [705.0506680821253, 214.63980179105835], "h6pd": [0.0, 422.84303051942084], "gins1": [989.36799596887977, 627.80006810431098], "rnf39": [149.13629636673113, 278.44320573756505], "il1a": [101.06524653161966, 385.91313010324257], "tmem220": [999.99999999999989, 559.0381727126354], "ldoc1l": [808.86982159122181, 301.39078920159614], "hist3h2a": [527.64410578239676, 587.9780717731129], "fam111a": [73.556273207621302, 512.69915704585708], "sphk2": [901.83092032257639, 277.91478913120034], "cnr2": [665.95626906008863, 498.63805516196282], "padi2": [920.25165028412118, 548.91338198510573], "ccdc102a": [602.08022930271943, 518.9071555411083], "sema3g": [490.62441697494796, 393.22296218367239], "acsf2": [885.06451079953683, 595.48832813178956], "dnase1l3": [62.602269969788267, 548.61543573073027], "trim69": [225.91201921930127, 522.75192805267284], "bco2": [151.91035605870809, 591.43168678085783], "galc": [702.77530055775935, 459.89666789645383], "cd3g": [952.26411311578613, 335.09572996803587], "fbxo34": [943.04890779531593, 580.96561080616982], "galk1": [751.11496715719693, 618.55587727844534], "parp14": [136.46931159828398, 309.65726412261904], "hdac9": [623.85370230453498, 688.7588075155486], "hpgd": [32.653724134487447, 417.75196533219764], "parp11": [107.37127824487959, 288.1512413185967], "gatm": [798.40093960892705, 262.41745864664239], "dcaf6": [921.0904352090165, 345.72839011762233], "ttll12": [685.6953218231032, 801.61127577393893], "dusp4": [850.05687705366176, 641.09297192664178], "trim7": [200.43699316824672, 580.26417834945175], "cadm1": [664.34071007148589, 399.13320648839908], "cd38": [491.4499498086393, 875.07699052392036], "fars2": [977.81014321495013, 659.28414306484513], "arid3b": [723.26020797944977, 614.80389337941779], "tfam": [161.04327530305642, 364.4023815082553], "rasd2": [923.74794277170452, 449.04305117532761], "sp1": [564.01758437030094, 488.85137453472788], "smad6": [945.42124302878915, 682.62263890494319], "fam58b": [758.3892496548566, 719.38886787418642], "vdr": [993.2360151193252, 480.95425486002125], "lair1": [650.81301405691886, 663.00893485232962], "ddx1": [35.050310655783278, 582.25700058457335], "ednrb": [525.60447589848252, 816.91366221999806], "tmem170": [202.7427559508036, 394.75921836725337], "ifitm6": [509.66965443500658, 463.8357053310545], "xist": [930.23444865796341, 304.16628537478999], "gimap7": [686.05005976801192, 541.34139321086855], "0610011f06rik": [611.24462717874223, 326.42523171398091], "rundc1": [870.29343940013439, 302.76272984249897], "fmnl3": [842.66317465909378, 287.7231246475514], "pcid2": [917.14195466915669, 611.70253137827569], "med24": [816.77990333371554, 714.5966991512604], "bnip1": [175.27180058502847, 620.5238581602091], "klf4": [836.88938429090854, 620.70081515490801], "mdh2": [825.01825732008797, 339.52955875014413], "ahcy": [584.69920773266779, 578.04133534453945]}