{"itga9": [554.20431684031769, 513.26419141923611], "timp2": [837.64848528414041, 826.28978416758036], "serpina3n": [73.541548252455726, 209.00800258580921], "fxyd1": [0.0, 470.70548770344925], "egr1": [777.39955410538664, 285.30535699415981], "bcar1": [987.33741919763884, 640.01338406350828], "st18": [725.46701741892912, 864.10116687934499], "ctla2b": [436.25499725519387, 461.7182816199587], "eln": [685.77696824756413, 382.89169096263561], "fn1": [44.75914922400176, 594.92846461962404], "ecm1": [273.25411158980467, 592.72581726406179], "nr1d1": [587.01762756707842, 695.12265162713277], "etv1": [150.52010369328335, 664.09860306512905], "ddr2": [892.41864566978074, 309.3942209621182], "smad3": [223.34465074431085, 399.9677533425571], "col4a1": [381.54465575341203, 258.20425493040113], "srf": [757.58393265998734, 571.93713173840558], "klf9": [8.8638736422867055, 332.66313598235524], "col15a1": [302.8440582475194, 135.89883312065507], "cyr61": [966.07759269145618, 402.1697779404069], "rab11fip5": [614.30588015506055, 824.81869044914151], "ccdc80": [1000.0, 517.45510446351739], "col14a1": [198.01986029955262, 216.67470404723781], "aurkb": [930.632939038534, 749.56018318712938]}