{"ugdh": [853.89612398186887, 471.58174635588381], "sparc": [0.0, 352.60630916637336], "fbn1": [550.57745241125531, 552.7148132955964], "egr2": [1000.0000000000001, 198.36193423745095], "nid1": [828.9299111092871, 801.6380657625491], "rela": [531.03486712727999, 755.82661508411798], "bcl6": [268.29387565472962, 598.99310782625685]}