{"tssk6": [448.81684115246975, 309.21196976609696], "snx14": [721.61846774830906, 907.38808294385285], "snx13": [735.6516272283842, 855.16596580532701], "hoxa7": [787.60958821604561, 145.19751781492835], "hs3st1": [740.88153979632557, 98.463542067353558], "clcn3": [557.97846722347015, 728.10972028973549], "gria3": [836.01353399944662, 507.0841294915117], "st8sia4": [635.69560139058717, 925.14731405553744], "4921507p07rik": [831.441698554033, 187.50792424007452], "msrb3": [729.77551183295054, 646.26092444715619], "dhrs3": [320.10835962533213, 414.78726980167539], "gda": [727.64456353975584, 881.53691127187096], "a630001g21rik": [438.74808024275086, 880.29379349384703], "cntn1": [434.24532498896127, 390.08534750759731], "adamts14": [833.16200018799339, 568.22237576724888], "rbm20": [760.14597960820902, 255.29611634185511], "rhobtb1": [704.20586490133451, 90.379108071371945], "slc6a7": [671.50587197473874, 632.86216497756186], "fam155a": [541.01206191116648, 427.29026280526818], "tmem104": [504.75917312387764, 855.53812070787967], "ankrd44": [128.89250603408209, 596.79838173264648], "il17f": [629.69848024457553, 511.29589797142376], "plekhg1": [829.00359269376179, 468.21271588537672], "gnaq": [779.2794963927081, 252.39136171955499], "srgap1": [242.21901900194251, 289.46283024533233], "arnt2": [617.38197547706079, 530.8322960519356], "bach2": [634.17271394590716, 871.71279468657349], "fam167a": [154.84060289921479, 532.47143427934327], "slc22a15": [671.17301219519197, 706.45834257002741], "vps37c": [479.78966502612695, 731.34989205330078], "fbxl13": [668.19339593845314, 785.22544746732865], "hoxa3": [865.82326442797546, 216.94648314476063], "s1pr3": [754.90988948141114, 537.64599717922829], "apobec1": [8.6671595310236853, 888.89442697601419], "tmem194b": [557.3656311196728, 915.3355382240461], "ninj1": [226.91931199465145, 746.30462215229477], "bcl2": [251.08156344384079, 307.1460243279974], "cobll1": [863.25328710161079, 94.574721219133778], "bcl2l1": [706.24719220592362, 894.76904711894849], "dtx4": [169.74854006737957, 737.35208039457837], "zbed4": [476.15705278885656, 277.12645933345573], "lrrc9": [276.9457072814813, 468.82921183717349], "etv6": [474.77281285078277, 589.35077976909338], "2310007l24rik": [356.32402880664483, 777.38424521104798], "sfi1": [721.69079959299859, 70.693897866717862], "khdrbs3": [875.53475115446327, 528.43766795065414], "nfkbie": [109.41100151050409, 846.1736743382728], "ostf1": [590.64682532380357, 964.61942744937369], "stom": [335.20823611017101, 383.20515368236659], "cd6": [812.64272860842493, 168.1193717889123], "fut4": [442.952318829859, 645.45347420198209], "cap2": [256.20397992105768, 518.05752503556471], "arhgap6": [502.53643106141698, 718.23826528386519], "cysltr1": [699.57683529135238, 827.9919241078037], "st3gal3": [415.36528484777392, 399.80587957468117], "atrnl1": [201.35051962128529, 836.26076642182943], "st3gal1": [311.98944088131464, 657.54511484269403], "tgm3": [388.72861549980678, 357.11864063245616], "ppap2a": [410.23055267988639, 431.42104796042213], "mpzl1": [354.56101746779359, 171.46441414729881], "xkrx": [501.68599154495001, 898.51893484628567], "mdfic": [875.05645157419235, 118.97007411526363], "mthfd1l": [118.18919643987454, 647.34699852495748], "azin1": [249.27179010092658, 242.93591920426559], "ssx2ip": [296.49934158489793, 266.23521562427987], "kcnab2": [154.54969969066303, 504.02316289393406], "cdon": [719.96091081261102, 848.15777031563539], "wdfy3": [385.34928112777231, 200.36204886931185], "dgkd": [230.07501977328093, 470.64180751335311], "zfp628": [649.85074183273298, 205.76030297846904], "dscaml1": [205.14647288692279, 281.44525998096117], "batf3": [380.36045029566179, 545.56433021854752], "phlpp1": [595.31932465230989, 500.45198372350711], "rb1": [100.71944983033421, 514.46597222497462], "tbc1d17": [734.4801593912822, 397.09792617346659], "tmem132c": [473.9531263771442, 240.81053246725136], "dhx37": [287.72641082143446, 401.52998354696041], "ctsh": [714.81134783488449, 426.3754959825643], "upp1": [236.98950418372539, 583.27994772123509], "dexi": [654.93943012768659, 771.39790648589576], "pcdhgb5": [809.40849920351059, 54.783822118263174], "hk2": [41.45665996659568, 874.53886920983666], "ccdc88a": [479.14794537196411, 313.3894993296247], "dnajc6": [224.31519834712088, 322.86197454624465], "bst2": [-5.6843418860808015e-14, 860.46007077162722], "ppp3ca": [703.49894630717131, 313.6994682165282], "adra2a": [575.62829876815351, 943.43560070968124], "foxs1": [409.87189046616402, 750.67357411642058], "rell1": [598.30583827684654, 748.61368413003379], "tns3": [414.56764979467607, 206.02213410963461], "nedd4l": [477.87897434469784, 894.50172399136557], "stk17b": [759.48072590522736, 343.23001213304912], "trmt61b": [725.06410200187315, 117.20630862501014], "lpcat2": [105.05855582790912, 563.30919063556507], "arfgap3": [277.19460146344915, 203.65361223676885], "smyd2": [789.45232836121841, 598.58621794693295], "prelid2": [658.46404630566713, 912.8749622811747], "diap3": [128.69132218816389, 571.50299576668294], "slc15a3": [533.39473608215803, 582.96824853720625], "ptprm": [659.10637100537565, 882.18935317485091], "eps8l3": [388.14117437586469, 826.73608983671261], "slc27a1": [508.69049896348167, 506.13388337638798], "setd7": [122.66485020475403, 499.08817379228338], "acpp": [280.59244469065868, 284.5825193686818], "lrrk2": [536.27168619891313, 508.62654619348501], "sh3bgrl2": [814.96206040949949, 218.00893217263646], "fam3c": [342.93049995631918, 444.98216185719764], "usp3": [853.70013193435591, 121.61538133388035], "cd93": [305.4608569953478, 390.34145413157518], "ecm1": [620.42537013466892, 430.322488996299], "mllt3": [487.33572104360917, 927.96340973474048], "pik3c2b": [262.98322488496092, 841.29062152237509], "nfam1": [218.83053708815362, 800.85509135463622], "slc23a2": [289.88076200579917, 367.04655347597514], "blk": [203.13128224955324, 748.27340318761253], "cx3cl1": [588.84282314799964, 387.15174441821989], "ankrd33b": [25.177323593430401, 914.70875937565711], "mafg": [357.59080710294415, 333.75527964807566], "pde5a": [638.45029258651766, 968.29491558670952], "arhgef26": [686.71447715786462, 417.94011951191573], "tasp1": [164.31818868577619, 586.22900062265376], "igf1r": [330.44252081236806, 167.93906158844743], "adra1b": [765.16361038680293, 556.50509570203099], "olfr1033": [112.54969452516616, 669.03980079380858], "kcnmb4": [505.48856958740055, 784.7881885308658], "gfod1": [384.37335303172341, 417.2564696462145], "ccl17": [10.215854658943897, 831.26652151585358], "hdac9": [569.43993758539864, 967.15638866675272], "dnajb2": [297.34276222545202, 890.54442623008151], "clnk": [527.04613292350496, 675.97301995432599], "tcf7": [712.22022356204479, 517.51654388627946], "crybg3": [159.53999760869362, 647.78549425313588], "lca5": [870.01888949119086, 285.89050214590634], "hsbp1l1": [484.99640977313561, 849.50986551103119], "plcg2": [488.29060617149332, 416.24046477550172], "pcdhga8": [680.71642757159736, 94.107285993049857], "man1c1": [289.83015657871761, 742.7411678523091], "mapk10": [372.67101817545159, 174.37047114868867], "zfhx3": [441.12170222658114, 853.46517056323432], "abi3bp": [233.76506648225359, 556.42584973357748], "adam19": [542.3857713481849, 339.96057377700208], "plxdc2": [860.34985940570482, 153.35687215956153], "gls2": [704.64117469525752, 928.51091942856169], "cand2": [183.28087901440966, 824.09789209071778], "eef2k": [560.9315168026842, 484.59822525429695], "acvr2a": [787.1995181609766, 56.844993429509543], "smap2": [75.547636117726142, 942.72675881612622], "add3": [160.87803309562366, 563.31930505197499], "immp2l": [416.34109888863986, 643.04205211207045], "acyp2": [310.58039072550292, 230.01784227319834], "2010300c02rik": [502.58274240885476, 283.10614833452746], "rorc": [580.66048448427671, 789.07104465706357], "kcnk1": [249.21680479385077, 465.4041619755323], "meis1": [825.88807714975792, 599.21161522061107], "nox1": [309.71027862905976, 205.65918894475908],