{"slc6a7": [540.70929081629163, 913.70887575478685], "hs3st1": [288.63533652074869, 121.4774209267751], "clcn3": [376.19246663238982, 641.74823848978713], "gria3": [743.39579045977757, 338.41333637163103], "snx18": [614.58440054129267, 828.01672128300459], "gda": [325.54969561166877, 718.80666107929085], "mafk": [721.62640590780347, 477.06726281525965], "adamts14": [473.73368911694149, 555.06049695628394], "rbm20": [530.20198092626902, 828.2509682790012], "rhobtb1": [715.12398294722834, 406.7302861402552], "snx13": [590.90223853345992, 887.97972350926341], "mllt3": [341.28030635766123, 828.62802854063466], "parvb": [975.80323757164865, 542.70874404672929], "il17f": [1000.0, 526.26012889230572], "trps1": [393.29455581208987, 812.7256517172616], "gnaq": [344.39671116145678, 90.899538625478101], "camk2d": [276.35718973458864, 356.23824091717859], "bach2": [565.34086424657733, 655.19215619887518], "slc22a15": [483.92876683740747, 932.70174618070439], "vps37c": [383.6700260452489, 347.01879049711704], "cog5": [342.35151657182269, 652.6093677675027], "arrdc4": [272.12536641393075, 384.05140013020707], "s1pr3": [612.86719617395886, 774.28119510866702], "slc23a2": [790.13184735068398, 469.96532000866381], "fam184b": [619.53212298717551, 422.05919805140127], "cobll1": [383.09137972830791, 233.68184748687514], "dmrt3": [947.24082556323174, 763.04492549340648], "2310007l24rik": [481.13144818871581, 667.46672084626857], "alcam": [510.89114370215054, 706.04763429787863], "nfkbia": [433.13635108647827, 922.79239081433821], "pla1a": [406.25175152525753, 845.0771319394255], "stom": [795.25391457061869, 496.89542987119387], "cd6": [53.578443586010167, 658.39033406366275], "cd69": [232.43612009147068, 212.88797516860552], "arhgap5": [316.26633351739264, 157.50943221350877], "dtx4": [504.55883558917958, 365.51946879160971], "mpzl1": [757.17454591866954, 306.45098074863938], "mdfic": [368.34382420858225, 262.18047804748176], "lysmd4": [394.49731947965643, 693.83587338645611], "ssx2ip": [802.12798390835303, 449.46597888958308], "cntn1": [293.51603058920074, 334.57714039320638], "dscaml1": [844.71496537847815, 618.49184494051497], "serpinb1a": [552.07606175463218, 376.60529351826381], "batf3": [850.51226750980709, 504.36772967083715], "nckap5": [369.47660037013651, 102.5144084692858], "tmem132c": [946.01100095112474, 581.21259219051626], "dhx37": [986.07046152405064, 451.0808644459305], "upp1": [841.33042115792557, 865.26781025368382], "ptprs": [977.66806738684159, 505.60618321560673], "slc25a24": [499.89336336888402, 911.65314466673931], "dnajc6": [922.85365809231632, 710.55855681889841], "adra2a": [452.17306530191007, 646.21470060680235], "ezr": [544.04870005536554, 860.47463717959863], "asns": [670.57235953019676, 630.86250228898791], "nedd4l": [413.16925071254758, 895.14933256848917], "nbn": [331.99725370199332, 849.15958485543297], "smyd2": [786.47822062102409, 422.05215531455292], "prelid2": [473.87044466307611, 884.65272490041912], "hormad2": [267.08892509249625, 708.86558197994327], "slc15a3": [790.45906793356107, 648.64991409231595], "ptprm": [494.54667854727398, 862.56265978015404], "eps8l3": [525.35657386895116, 887.23660455852257], "dlc1": [612.13667943708856, 859.95200826740597], "setd7": [868.86790250808542, 686.63247118751588], "acpp": [531.83826119332321, 644.69661480119646], "lrrk2": [698.22036042913339, 323.60171935029871], "usp3": [73.196084235397052, 592.60882506691655], "neb": [76.962759798938009, 569.40460768657124], "dhrs3": [835.8352855208044, 438.37219583172941], "meis1": [619.45324782343243, 389.88455451235848], "fam155a": [582.54684432812746, 813.38841551437883], "serpinb8": [949.50036420604283, 527.41442784001254], "tmem194b": [445.22574070207753, 798.00345821070187], "blk": [479.67767487028505, 629.99488409708329], "cx3cl1": [939.8719828084827, 798.95261418924906], "zbtb20": [102.13499167394048, 640.82525573803332], "ly86": [415.82720726738467, 772.30571632066892], "pde5a": [392.54703919294434, 877.37130771411489], "igf1r": [679.10705519247711, 344.89739772335179], "gfod1": [329.57270473729824, 760.76669993412088], "ccl17": [927.12124169596223, 553.74304114934012], "hdac9": [304.65033238540053, 754.88904375933862], "dnajb2": [427.1005913517169, 316.97948246962181], "clnk": [384.57089615492646, 568.44165546662305], "clec2d": [391.49990571350878, 90.364508550337007], "hsbp1l1": [345.45760071382892, 678.22045228192599], "man1c1": [395.19866654414199, 589.03296782626978], "abi3bp": [909.2998120180182, 620.18127447948427], "itpr2": [477.20061302481042, 822.34493492215131], "sept7": [486.83076827801449, 297.99713576597526], "plxdc2": [354.47930898720767, 284.82010302446253], "arnt2": [281.2706910961071, 412.0588839601163], "eef2k": [565.06732367443669, 883.71147424361698], "cd244": [908.25647049249687, 815.7051132077811], "acyp2": [847.7316794535476, 380.4237074610802], "rorc": [489.55242536039265, 742.64537297555978], "kcnk1": [984.33482383104058, 566.28470387869402], "f2r": [793.34282888035455, 902.21356831554499], "klrb1f": [536.43722435274401, 305.69608343978291], "il22": [685.49104793581705, 368.82320045478502], "zfp92": [376.51371723587965, 773.26261004748881], "ablim3": [852.15909795563186, 419.32914793372379], "sh3pxd2b": [748.91223345978733, 432.60566941430818], "rnf150": [636.46406680645407, 662.8964000051775], "zmiz1": [412.80643356177694, 729.11761146502283], "serpine2": [584.91989282354746, 852.22241070107793], "spi1": [835.8709765637434, 730.37765824776841], "mpeg1": [522.92223001622267, 328.17688709209466], "cry1": [957.77849588612946, 401.12884293398474], "tifa": [498.03435371176494, 784.94959339979175], "zmat4": [845.68195171314187, 801.07551729225929], "abhd2": [577.95703396846136, 596.92472675188367], "ppp3ca": [460.37254023583705, 911.87369817297031], "cwf19l2": [325.39275766810528, 328.4830138709458], "sestd1": [452.76228834555877, 352.75357750123976], "piwil4": [61.768078888076843, 703.13950201121372], "ncoa7": [791.32964099517017, 315.66153879401247], "slc16a2": [519.78873238056929, 930.48611966108206], "cyp51": [638.10266778293521, 795.67435896557583], "ppp1r14c": [443.54993439886732, 885.76310424273288], "npnt": [385.61616473193243, 432.32697210626077], "st5": [596.63391171638671, 673.75114801470772], "pde7b": [376.9223607032049, 850.31918379173044], "runx1t1": [277.21631707502047, 102.63341911558757], "prdm1": [421.92993066400783, 390.497100396581], "march3": [725.26225815592716, 308.17973604114968], "fam46c": [588.20617822700024, 727.10951447056323], "il17re": [453.81088149739503, 694.59180041593902], "fnbp1l": [570.79239813394315, 395.28153167187469], "nek7": [323.75801136352499, 293.06283936787628], "stab1": [616.41026724948529, 619.76349712411343], "irf5": [159.32811657378659, 645.98324443443016], "irf4": [132.53558667014784, 709.63390182482203], "irf9": [23.638510922157366, 587.00324198322528], "irf8": [14.863587184976268, 710.47927656928277], "zfp1": [339.67978912627467, 362.99947678402742], "plekhg1": [738.51187045913434, 382.14994281364187], "appl2": [595.71065416070564, 699.6005645399664], "nsl1": [794.96008662038344, 351.67218668450926], "foxs1": [496.89712169832478, 323.99937919445529], "pi4k2a": [770.76426804497498, 373.68293059638216], "tns3": [834.49553455614796, 470.70959664442768], "syne1": [554.30024672622494, 713.75581788187549], "spsb1": [624.93354155427539, 742.05609440421154], "flnb": [491.41493246100572, 605.28334827807987], "fam49a": [596.55826837995141, 610.35790185479084], "gcnt4": [489.87775865301393, 267.37493612862181], "sntb1": [790.38516237572344, 926.4464504388535], "zbtb16": [337.66465582514985, 198.77391700176963], "lrrc8b": [717.50005413267729, 718.82165750849185], "rprm": [963.3185867608122, 480.64203673586621], "rbpms2": [585.09810522396788, 764.06626022562693], "cask": [369.91962045037388, 155.02948874997821], "ikbkb": [50.442127676602468, 627.30209607380584], "fmnl2": [819.70032060218944, 341.66580230329089], "frmd4b": [308.61523082767479, 656.55171211912022],